stop_id,risk_score
19074,0.0
26109,0.0
26174,0.0
33290,0.026
33788,0.0
34504,0.0
34506,0.0
34507,0.0
35248,0.0
35254,0.0
10009,0.0
10022,0.0
10188,0.006
10437,0.0
10517,0.0
10600,0.002
10661,0.0
10705,0.004
10833,0.0
10854,0.006
10896,0.0
10897,0.008
11154,0.0
11185,0.0
11267,0.033
11287,0.0
11342,0.0
11344,0.005
11810,0.0
11862,0.011
12013,0.045
12497,0.0
12601,0.0
12790,0.006
13034,0.0
13116,0.07
13311,0.0
13588,0.013
13644,0.006
13653,0.004
13696,0.0
13799,0.0
14105,0.0
14247,0.0
14267,0.002
14406,0.0
14751,0.017
14886,0.0
15193,0.0
15226,0.004
15411,0.008
15831,0.0
15863,0.0
16372,0.0
16400,0.0
16460,0.0
16765,0.025
16828,0.0
17025,0.0
17047,0.0
17173,0.011
17176,0.013
17191,0.0
17214,0.0
17310,0.003
17331,0.002
17958,0.0
17965,0.0
18222,0.002
18312,0.0
18519,0.0
18728,0.0
18837,0.0
18951,0.0
19334,0.0
19504,0.011
19564,0.0
19868,0.008
20376,0.005
20442,0.0
20810,0.0
20958,0.0
21080,0.02
21180,0.0
21228,0.0
21650,0.0
22307,0.0
22466,0.004
22520,0.0
22599,0.0
23005,0.0
23037,0.0
23234,0.0
23333,0.0
23414,0.0
23722,0.0
23826,0.0
24065,0.0
24831,0.004
25021,0.0
25185,0.0
25233,0.004
25315,0.0
25509,0.003
25609,0.0
25668,0.0
25934,0.0
26221,0.0
33044,0.0
33216,0.0
33256,0.0
33592,0.0
33641,0.0
33805,0.0
34811,0.0
34859,0.009
35197,0.031
19960,0.0
25436,0.0
26285,0.0
23709,0.03
34343,0.349
33231,0.0
25982,0.016
18681,0.0
16178,0.0
33651,0.0
33955,0.0
10643,0.0
10811,0.0
10914,0.004
11011,0.019
11172,0.0
11181,0.0
11326,0.003
11351,0.004
11371,0.001
11426,0.0
11513,0.0
11971,0.005
12065,0.0
12182,0.007
12521,0.02
12899,0.019
12921,0.13
13012,0.0
13122,0.002
13127,0.043
13395,0.005
13574,0.025
13710,0.013
13763,0.0
13791,0.0
13820,0.003
13877,0.0
13941,0.009
14452,0.0
14838,0.0
14851,0.0
15090,0.0
15183,0.0
15437,0.0
15558,0.012
15772,0.013
15948,0.0
16191,0.029
16302,0.0
16794,0.002
16821,0.001
16841,0.0
16922,0.0
16999,0.0
17115,0.0
17486,0.0
17704,0.177
18742,0.002
18872,0.0
19055,0.002
19298,0.0
19560,0.0
19691,0.0
19694,0.0
19828,0.0
20052,0.0
20227,0.0
20555,0.015
20759,0.0
21183,0.0
21224,0.0
21375,0.041
21419,0.01
21591,0.0
21920,0.0
22035,0.0
22254,0.0
22604,0.0
22832,0.0
23015,0.0
23074,0.04
23135,0.0
23187,0.0
23429,0.006
23593,0.0
23675,0.0
23718,0.0
24431,0.0
24527,0.0
24529,0.0
24727,0.0
24970,0.0
25067,0.0
25203,0.107
25663,0.0
25676,0.0
25741,0.0
25804,0.0
25824,0.0
26206,0.0
26386,0.0
26637,0.0
33105,0.0
34921,0.001
35282,0.0
35511,0.07
16235,0.0
34137,0.0
26294,0.0
10695,0.0
26332,0.0
10084,0.008
10204,0.389
10369,0.0
10499,0.0
10838,0.0
10842,0.0
10968,0.004
11001,0.011
11131,0.0
11156,0.004
11276,0.01
11408,0.0
11856,0.002
11903,0.017
12069,0.0
12081,0.0
12232,0.0
12323,0.007
12324,0.009
12529,0.0
12564,0.023
12651,0.155
12853,0.0
12855,0.0
12892,0.0
12903,0.0
12935,0.015
13057,0.003
13136,0.065
13307,0.004
13350,0.008
13403,0.002
13428,0.003
13798,0.0
14046,0.0
14170,0.013
14471,0.0
14717,0.029
14767,0.0
14854,0.0
14928,0.0
15059,0.014
15099,0.002
15245,0.003
15323,0.022
15405,0.008
15455,0.003
15609,0.021
16130,0.022
16143,0.006
16856,0.004
17055,0.0
17079,0.0
17174,0.003
17347,0.004
17599,0.0
17701,0.132
17759,0.036
17783,0.088
18624,0.0
19106,0.0
19159,0.0
19310,0.0
19818,0.0
19829,0.0
20038,0.0
20082,0.0
20313,0.0
20315,0.0
20580,0.011
20879,0.0
21066,0.067
21457,0.0
21543,0.0
21828,0.0
22045,0.0
22255,0.0
22631,0.0
22753,0.0
22826,0.0
22937,0.0
23162,0.0
23210,0.013
23233,0.0
23250,0.037
23261,0.0
23318,0.0
23428,0.0
23624,0.0
23719,0.0
23987,0.0
24068,0.0
24442,0.0
24521,0.0
24578,0.0
24702,0.005
24726,0.0
24817,0.0
24880,0.0
25026,0.0
25167,0.0
25610,0.0
26058,0.0
26064,0.013
26450,0.0
33345,0.0
33628,0.0
34400,0.003
34690,0.011
34967,0.0
35108,0.0
35279,0.0
26303,0.0
24896,0.0
33733,0.0
25116,0.0
34469,0.006
34549,0.0
14519,0.0
10067,0.016
10154,0.0
10450,0.0
10815,0.0
11115,0.0
11237,0.002
11302,0.006
11337,0.003
11698,0.0
12276,0.0
12514,0.0
12704,0.0
13076,0.004
13144,0.011
13223,0.0
13283,0.003
13324,0.001
13339,0.001
13379,0.015
13725,0.008
13830,0.032
14087,0.0
14326,0.007
14421,0.0
14724,0.008
14947,0.015
14991,0.037
15036,0.0
15064,0.0
15107,0.006
15212,0.038
15246,0.005
15273,0.007
15328,0.0
15489,0.0
15531,0.001
15563,0.001
15590,0.0
15614,0.0
15925,0.0
16124,0.005
16192,0.029
16548,0.004
16553,0.025
16738,0.0
16812,0.0
17010,0.0
17188,0.0
17623,0.0
17630,0.0
17716,0.034
18281,0.0
18755,0.0
18875,0.0
19017,0.0
19414,0.0
19498,0.001
20532,0.117
20556,0.014
20761,0.0
20824,0.0
20869,0.003
21105,0.0
21241,0.0
21695,0.0
21747,0.008
21795,0.0
21807,0.0
21921,0.0
21947,0.0
22122,0.0
22372,0.074
22830,0.0
22843,0.0
23332,0.0
23516,0.0
23640,0.0
23645,0.0
23917,0.0
24121,0.006
24960,0.0
25042,0.0
25254,0.002
25876,0.0
26124,0.0
26205,0.0
26247,0.0
26651,0.0
33070,0.004
33152,0.0
33242,0.0
34348,0.001
34444,0.0
34727,0.01
34735,0.0
34852,0.003
34854,0.002
34891,0.0
34989,0.0
35043,0.0
35404,0.0
26197,0.0
34315,0.402
10096,0.0
10166,0.006
10175,0.008
10504,0.0
10568,0.006
10721,0.007
10766,0.007
10822,0.0
11034,0.016
11618,0.0
12217,0.0
12282,0.0
12406,0.0
12913,0.086
12914,0.0
12995,0.0
13274,0.001
13387,0.042
13567,0.009
13714,0.016
13716,0.004
14132,0.014
14246,0.0
14260,0.0
14282,0.0
14318,0.0
14435,0.0
14656,0.0
14713,0.012
14881,0.0
15024,0.0
15072,0.0
15187,0.0
15231,0.007
15235,0.004
15335,0.019
16297,0.0
16679,0.0
16850,0.017
16967,0.0
17177,0.0
17203,0.0
17219,0.0
17329,0.0
17367,0.005
17412,0.003
17621,0.0
17844,0.0
17854,0.0
17862,0.0
18322,0.0
18724,0.0
18867,0.0
18876,0.0
18932,0.0
18950,0.0
19312,0.0
19628,0.0
19865,0.0
20059,0.0
20247,0.0
20715,0.009
21403,0.0
21663,0.0
22017,0.01
22227,0.0
22302,0.0
22308,0.0
22450,0.0
22885,0.0
23188,0.0
23404,0.0
23415,0.0
23890,0.0
24001,0.0
24461,0.0
24962,0.0
25050,0.0
25068,0.0
25371,0.0
25372,0.0
25424,0.109
25449,0.0
26097,0.0
26201,0.021
26397,0.0
33039,0.0
33101,0.0
33200,0.0
33249,0.0
33323,0.0
33341,0.0
33343,0.004
33405,0.0
33462,0.002
33620,0.0
33683,0.0
33878,0.0
34871,0.003
35281,0.0
33703,0.02
26178,0.0
34327,0.403
34660,0.0
12222,0.0
33741,0.0
34581,0.0
34466,0.037
35207,0.0
10077,0.009
10228,0.016
10457,0.014
10505,0.0
10511,0.0
10606,0.002
10888,0.0
10917,0.037
10936,0.011
10980,0.0
11186,0.007
11585,0.0
11649,0.0
11822,0.0
12273,0.0
12485,0.0
12543,0.0
12579,0.0
12757,0.007
12841,0.0
13110,0.02
13265,0.002
13593,0.015
13594,0.023
13619,0.018
13624,0.035
13754,0.0
13812,0.01
13839,0.0
13942,0.003
14019,0.016
14154,0.003
14206,0.0
14429,0.0
14540,0.0
14676,0.0
14895,0.0
14899,0.0
14905,0.016
15084,0.0
15167,0.0
15274,0.005
15445,0.003
15485,0.0
15628,0.0
15649,0.0
15705,0.0
15913,0.0
15924,0.0
16358,0.0
16383,0.0
16387,0.0
16388,0.0
16550,0.002
16583,0.005
16709,0.032
16972,0.0
17233,0.004
17509,0.0
17988,0.0
18025,0.0
18525,0.0
18659,0.003
19503,0.015
19625,0.0
19688,0.0
19885,0.0
19909,0.001
19911,0.0
20104,0.0
20466,0.016
20570,0.002
20823,0.0
20826,0.0
20866,0.007
20885,0.015
21657,0.0
21669,0.0
21939,0.0
22714,0.019
22969,0.0
23215,0.034
23352,0.0
23614,0.0
24338,0.042
24646,0.0
24990,0.0
25253,0.001
25342,0.0
25444,0.0
25493,0.055
25739,0.0
25972,0.0
26073,0.007
26112,0.0
26402,0.0
26434,0.0
26435,0.005
33023,0.02
33026,0.001
33154,0.0
33371,0.0
33435,0.003
33591,0.0
34188,0.0
34346,0.005
34351,0.0
35284,0.0
35298,0.0
35368,0.037
35373,0.006
35514,0.193
24886,0.0
33732,0.0
26179,0.0
25434,0.181
33557,0.0
16680,0.0
25973,0.0
33507,0.0
13224,0.0
15783,0.01
11132,0.017
33941,0.022
33971,0.0
34654,0.0
34523,0.0
10478,0.0
10729,0.0
10947,0.016
11039,0.0
11174,0.0
11193,0.006
11288,0.001
11490,0.0
11525,0.001
11561,0.0
12042,0.013
12107,0.009
12258,0.0
12443,0.0
12469,0.0
12646,0.0
12874,0.028
12902,0.0
13396,0.005
13505,0.0
13526,0.027
13642,0.001
13720,0.026
13727,0.019
13843,0.0
13878,0.0
13984,0.0
14233,0.0
14248,0.0
14333,0.0
14408,0.0
14415,0.0
14568,0.0
14806,0.0
14837,0.0
14997,0.015
15001,0.0
15165,0.0
15179,0.0
15194,0.0
15422,0.0
15508,0.002
15509,0.002
15576,0.0
15579,0.0
16405,0.0
16542,0.003
16555,0.003
16789,0.0
16885,0.0
17109,0.004
17224,0.0
17573,0.0
17723,0.073
17887,0.0
17892,0.0
18336,0.0
18726,0.0
18743,0.002
18791,0.0
19012,0.008
19107,0.0
19278,0.008
19315,0.0
19423,0.0
19456,0.0
19615,0.0
19839,0.0
20331,0.032
20391,0.006
20856,0.003
21244,0.0
21644,0.0
21652,0.0
22444,0.0
22838,0.0
22967,0.0
23882,0.0
24458,0.012
24944,0.0
25029,0.0
25598,0.005
26220,0.0
26363,0.0
33120,0.0
33196,0.0
33282,0.0
33474,0.0
33571,0.007
34361,0.0
34565,0.0
34734,0.0
34796,0.001
34814,0.001
34888,0.002
34916,0.0
34948,0.0
35484,0.0
33832,0.0
33845,0.0
25884,0.015
25432,0.002
17985,0.0
18977,0.0
34136,0.077
25983,0.0
33706,0.001
25981,0.018
13559,0.035
33652,0.0
34561,0.0
10170,0.008
10187,0.05
10230,0.045
10317,0.006
10334,0.016
10346,0.027
10422,0.0
10512,0.0
10541,0.0
10634,0.011
10775,0.002
10784,0.014
10796,0.022
10906,0.0
10943,0.012
11032,0.0
11195,0.0
11269,0.007
11279,0.006
11548,0.0
11636,0.0
12033,0.0
12055,0.0
12114,0.0
12354,0.0
12586,0.0
12647,0.0
12961,0.0
13006,0.079
13088,0.005
13124,0.016
13129,0.005
13148,0.008
13154,0.0
13161,0.0
13264,0.008
13286,0.003
13290,0.011
13308,0.006
13329,0.003
13330,0.003
13503,0.013
13566,0.005
13575,0.022
13655,0.006
13705,0.014
13734,0.0
13765,0.0
13936,0.005
14129,0.0
14202,0.0
14270,0.0
14337,0.0
14389,0.002
14661,0.0
14824,0.0
14897,0.0
15142,0.0
15177,0.0
15225,0.004
15613,0.0
15615,0.0
15743,0.0
15881,0.0
16144,0.008
16272,0.0
16395,0.0
16403,0.0
16457,0.0
16537,0.002
16769,0.015
16814,0.0
16844,0.0
16950,0.0
17342,0.004
17395,0.002
17732,0.015
17762,0.01
17888,0.0
18377,0.0
18836,0.0
19447,0.0
19506,0.012
19727,0.0
19842,0.008
20015,0.0
20481,0.03
20564,0.0
20772,0.0
21063,0.094
21713,0.0
21772,0.0
21808,0.0
22003,0.0
22218,0.0
22219,0.0
22228,0.0
22432,0.0
22436,0.0
22564,0.015
22988,0.0
23286,0.0
23315,0.0
23607,0.0
23638,0.0
23680,0.0
23998,0.0
24671,0.0
24706,0.0
24925,0.0
25244,0.001
25363,0.018
25725,0.0
25775,0.0
26014,0.0
26059,0.0
26140,0.0
33019,0.002
33048,0.0
33228,0.0
33260,0.0
33451,0.004
33942,0.0
34414,0.0
34788,0.002
34865,0.002
34876,0.004
35044,0.0
35045,0.0
35193,0.076
35369,0.13
35515,0.178
34564,0.0
33807,0.0
21893,0.0
34201,0.024
33710,0.0
34234,0.016
16943,0.0
33567,0.0
33562,0.0
34502,0.0
26333,0.0
26336,0.0
10354,0.048
10717,0.003
10918,0.0
10956,0.013
10958,0.01
11090,0.003
11350,0.004
11407,0.0
11432,0.0
11554,0.001
11679,0.0
11700,0.0
11819,0.0
11821,0.0
11823,0.0
12538,0.025
12616,0.007
12936,0.017
12941,0.0
13368,0.028
13405,0.0
13491,0.0
13600,0.006
13737,0.0
13766,0.0
13801,0.019
13949,0.0
14254,0.0
14546,0.0
14632,0.077
14819,0.0
14878,0.0
14898,0.0
14946,0.023
14961,0.0
15108,0.005
15234,0.014
15278,0.007
15467,0.0
15646,0.0
15692,0.0
15808,0.013
16207,0.0
16461,0.012
16470,0.005
16488,0.0
16663,0.014
16733,0.0
16857,0.001
16919,0.0
16929,0.0
17071,0.0
17127,0.0
17551,0.0
17561,0.0
17600,0.0
17609,0.0
17667,0.0
17705,0.069
17740,0.146
18196,0.0
18324,0.0
18653,0.004
19003,0.033
19111,0.0
19160,0.0
19420,0.0
19439,0.0
19723,0.0
19897,0.007
20008,0.0
20443,0.0
20848,0.003
20897,0.0
21313,0.0
21368,0.065
21749,0.0
22298,0.0
22715,0.0
22974,0.0
23012,0.0
23407,0.0
23459,0.0
23706,0.018
23902,0.0
24118,0.007
24224,0.0
24441,0.0
24603,0.0
24648,0.0
24975,0.0
25045,0.0
25504,0.002
25626,0.0
25742,0.0
25890,0.0
26012,0.0
26050,0.124
26382,0.0
26439,0.0
33027,0.008
33109,0.0
33170,0.0
33296,0.0
33614,0.0
33665,0.0
33822,0.0
34133,0.0
34352,0.0
34433,0.0
34443,0.0
34728,0.001
34732,0.0
34870,0.003
35321,0.04
26187,0.0
26292,0.0
16324,0.0
23061,0.0
26278,0.0
10101,0.288
34281,0.0
34006,0.0
34013,0.05
34478,0.07
25678,0.004
25969,0.0
10458,0.007
10459,0.0
10516,0.0
10706,0.004
11100,0.012
11173,0.0
11339,0.0
11604,0.007
11626,0.0
11841,0.009
11926,0.02
12050,0.0
12254,0.0
12264,0.0
12281,0.0
12285,0.0
12294,0.0
12421,0.015
12540,0.013
12665,0.0
12793,0.022
12857,0.019
12880,0.0
13066,0.042
13158,0.0
13326,0.001
13514,0.0
13626,0.002
13683,0.005
13752,0.0
14104,0.0
14203,0.0
14508,0.0
14921,0.0
15011,0.0
15095,0.0
15106,0.007
15152,0.0
15196,0.0
15403,0.003
15462,0.004
15516,0.008
15543,0.016
15572,0.0
15611,0.0
15717,0.0
15898,0.0
16298,0.0
16357,0.0
17002,0.0
17325,0.008
17803,0.0
17944,0.0
18327,0.0
18344,0.0
18859,0.0
19257,0.0
19273,0.008
19467,0.0
19565,0.0
19808,0.0
19810,0.0
19861,0.0
20013,0.0
20229,0.0
20372,0.0
20642,0.014
20813,0.087
20860,0.003
20982,0.0
21107,0.0
21829,0.0
21868,0.0
22090,0.0
22326,0.0
22837,0.0
23006,0.0
23639,0.0
23699,0.014
23809,0.0
24574,0.0
24674,0.0
24963,0.0
25312,0.0
25316,0.0
25317,0.0
25454,0.0
25484,0.0
25786,0.0
25898,0.0
25952,0.0
25999,0.0
26075,0.019
26076,0.003
26367,0.0
26385,0.0
26404,0.0
26410,0.0
26460,0.026
33047,0.0
33121,0.0
33438,0.006
34333,0.016
34353,0.0
34442,0.003
34803,0.002
34850,0.003
35201,0.0
25443,0.0
18976,0.0
22566,0.0
33686,0.022
34144,0.0
13809,0.04
33222,0.007
26121,0.05
13004,0.0
34440,0.01
33559,0.029
34259,0.0
34499,0.0
34526,0.0
10373,0.0
10496,0.0
11417,0.0
11664,0.0
11677,0.0
11867,0.0
11977,0.007
12025,0.002
12478,0.0
12744,0.01
12875,0.019
12877,0.0
12978,0.074
13281,0.001
13423,0.005
13540,0.0
13590,0.022
13592,0.007
13707,0.017
13787,0.016
13790,0.0
13835,0.0
13889,0.0
14140,0.008
14150,0.003
14275,0.0
14446,0.0
14450,0.0
14467,0.0
14648,0.0
14662,0.0
14680,0.0
14968,0.008
15019,0.0
15063,0.0
15285,0.008
15447,0.029
15493,0.006
15503,0.001
15515,0.007
15524,0.007
15593,0.0
15727,0.0
15875,0.0
15880,0.0
16156,0.001
16396,0.0
16404,0.0
16484,0.0
16589,0.0
16612,0.006
16858,0.002
16952,0.0
16964,0.0
17453,0.001
17594,0.0
17779,0.066
17878,0.0
17936,0.0
17964,0.0
18302,0.0
18315,0.022
18369,0.0
18769,0.0
18806,0.004
19026,0.0
19304,0.001
20030,0.0
20125,0.023
20306,0.0
20351,0.0
21230,0.0
21248,0.0
21441,0.01
21520,0.0
21604,0.0
21897,0.0
22979,0.0
23182,0.0
23221,0.06
23417,0.0
23596,0.0
24071,0.0
24198,0.0
24405,0.008
24961,0.0
25117,0.0
25161,0.0
25275,0.011
25900,0.0
26040,0.0
26248,0.0
26318,0.0
26362,0.0
26415,0.0
26641,0.0
33269,0.0
34166,0.0
34213,0.0
34345,0.006
34880,0.004
34971,0.0
34986,0.0
23058,0.038
33726,0.0
23485,0.092
35036,0.151
35474,0.037
11488,0.0
34659,0.0
33564,0.0
33661,0.0
34653,0.003
34578,0.0
35246,0.0
35364,0.0
10069,0.006
10071,0.015
10232,0.035
10290,0.058
10300,0.022
10313,0.01
10576,0.004
10714,0.015
10771,0.003
10952,0.023
10966,0.006
10981,0.0
11037,0.009
11253,0.017
11416,0.0
11562,0.0
11656,0.0
11804,0.0
11859,0.01
11866,0.0
11952,0.0
11990,0.006
12068,0.0
12216,0.0
12250,0.0
12286,0.0
12454,0.0
12574,0.0
12878,0.027
13086,0.027
13128,0.004
13288,0.001
13373,0.029
13384,0.009
13630,0.024
13760,0.0
13771,0.0
13822,0.016
13853,0.022
14234,0.0
14407,0.0
14439,0.0
14719,0.043
14821,0.0
15082,0.0
15145,0.0
15276,0.005
15621,0.0
15651,0.0
15706,0.0
15729,0.0
15759,0.0
15876,0.0
15918,0.0
15946,0.0
15952,0.0
16475,0.003
16522,0.0
16574,0.004
16661,0.057
16839,0.0
16878,0.003
16973,0.0
16994,0.0
17332,0.036
17357,0.0
17634,0.0
17638,0.0
17724,0.012
17864,0.0
17872,0.0
17937,0.0
18010,0.0
18014,0.0
18032,0.0
19122,0.0
19369,0.0
19696,0.0
20569,0.0
20770,0.0
20819,0.0
21922,0.0
22126,0.0
22323,0.0
22438,0.0
22452,0.0
22481,0.0
22560,0.035
22952,0.0
23191,0.0
23612,0.0
24092,0.007
24514,0.031
24575,0.0
24971,0.0
25170,0.0
25211,0.0
25272,0.036
25603,0.0
25623,0.0
25793,0.001
26096,0.0
26360,0.0
26371,0.0
26444,0.0
33020,0.005
33202,0.001
33288,0.0
33410,0.0
33506,0.006
34125,0.0
34464,0.008
34718,0.006
35002,0.0
35046,0.0
33792,0.0
33715,0.0
26182,0.0
20538,0.001
34014,0.006
11896,0.01
34508,0.0
10062,0.004
10364,0.0
10379,0.0
10460,0.0
10939,0.008
10984,0.0
11051,0.01
11382,0.008
11559,0.002
11692,0.0
11993,0.002
12067,0.0
12099,0.0
12201,0.0
12262,0.0
12501,0.013
12520,0.016
12599,0.132
12614,0.076
12662,0.0
12957,0.0
13058,0.005
13192,0.0
13194,0.0
13568,0.019
13634,0.009
13813,0.04
13832,0.029
13836,0.028
14137,0.0
14166,0.012
14251,0.0
14535,0.0
14804,0.0
14862,0.0
14920,0.0
14922,0.0
14999,0.011
15150,0.0
15520,0.004
15851,0.0
15950,0.0
16195,0.0
16373,0.0
16556,0.009
16773,0.0
17056,0.0
17192,0.0
17309,0.002
18018,0.0
18751,0.0
18766,0.0
19006,0.0
19014,0.004
19163,0.0
19218,0.013
19619,0.0
19692,0.0
19777,0.0
20058,0.0
20067,0.0
20763,0.0
21209,0.11
21472,0.013
22089,0.0
22338,0.0
22371,0.071
22399,0.0
22596,0.0
22645,0.0
22737,0.0
22955,0.0
23013,0.0
23133,0.0
23212,0.015
23287,0.0
23456,0.0
23619,0.0
23916,0.0
24221,0.0
24581,0.0
24605,0.0
25032,0.0
25257,0.001
25506,0.002
25622,0.0
25634,0.0
25658,0.0
26613,0.0
33174,0.0
33218,0.0
33601,0.053
34173,0.0
34966,0.0
34991,0.0
35183,0.002
35230,0.04
35438,0.0
35510,0.0
25435,0.011
34114,0.321
12464,0.037
12553,0.0
13093,0.032
33694,0.005
25147,0.003
35363,0.0
10117,0.0
10140,0.006
10325,0.01
10355,0.0
10372,0.0
10509,0.0
10577,0.006
10602,0.004
10651,0.0
10665,0.0
11070,0.017
11076,0.0
11117,0.0
11183,0.005
11204,0.0
11343,0.0
11438,0.0
11501,0.0
11519,0.006
11653,0.0
11961,0.0
11976,0.007
12039,0.013
12253,0.0
12533,0.008
12653,0.017
12754,0.019
13007,0.065
13056,0.007
13272,0.001
13371,0.006
13431,0.033
13638,0.054
13773,0.0
13957,0.005
14182,0.017
14465,0.0
15004,0.0
15032,0.0
15409,0.0
15417,0.01
15446,0.002
15949,0.0
16138,0.003
16257,0.0
16275,0.0
16407,0.0
16538,0.002
16549,0.002
16739,0.0
16854,0.033
16863,0.0
16888,0.0
16996,0.0
17013,0.0
17116,0.0
17180,0.0
17198,0.0
17206,0.0
17379,0.0
17994,0.0
18046,0.0
18319,0.0
18331,0.0
18689,0.0
18792,0.0
19365,0.0
19450,0.0
19848,0.0
20248,0.0
20349,0.0
20696,0.0
20820,0.0
21538,0.0
22014,0.03
22499,0.0
22924,0.0
22984,0.0
23193,0.0
23207,0.014
23230,0.014
23283,0.0
23451,0.0
23463,0.0
23468,0.0
23650,0.0
23721,0.0
23932,0.0
23933,0.0
24829,0.021
25093,0.0
25159,0.0
25422,0.096
25552,0.006
25664,0.0
26001,0.0
26080,0.0
26446,0.0
33025,0.002
33210,0.008
33476,0.0
33629,0.0
33991,0.0
34187,0.0
34670,0.0
34675,0.039
34856,0.002
35232,0.03
35512,0.068
26257,0.021
26157,0.0
33791,0.0
19962,0.0
26104,0.0
12552,0.0
34702,0.0
10048,0.0
10083,0.01
10209,0.032
10388,0.0
10557,0.017
10624,0.01
10742,0.004
10748,0.006
10758,0.002
10795,0.028
10802,0.019
10829,0.0
10953,0.03
11016,0.0
11199,0.008
11277,0.009
11355,0.017
11378,0.003
11385,0.0
11516,0.0
11629,0.0
11690,0.0
11815,0.0
11999,0.0
12004,0.0
12256,0.0
12446,0.0
12539,0.0
12547,0.0
12710,0.0
13062,0.029
13165,0.0
13391,0.0
13565,0.018
13573,0.005
13753,0.0
13945,0.006
14245,0.0
14532,0.0
14536,0.0
14760,0.011
14816,0.0
14836,0.0
15272,0.007
15469,0.004
15495,0.003
15552,0.005
15568,0.001
15585,0.0
15591,0.0
15916,0.0
16221,0.008
16278,0.0
16389,0.0
16418,0.046
16468,0.003
16712,0.016
16718,0.008
17067,0.0
17185,0.0
17227,0.0
17228,0.0
17363,0.0
17402,0.031
17750,0.06
17903,0.0
18390,0.0
18777,0.0
18779,0.0
19279,0.0
19374,0.0
19459,0.0
19734,0.0
19979,0.0
20010,0.0
20014,0.0
20226,0.0
20303,0.0
20463,0.0
20554,0.026
21062,0.0
21242,0.0
21724,0.0
22259,0.0
22303,0.0
22653,0.0
22954,0.0
23406,0.0
23610,0.0
23611,0.0
23825,0.0
24460,0.0
25095,0.0
25223,0.013
25234,0.002
25666,0.0
25794,0.0
25798,0.0
25815,0.003
26079,0.02
26384,0.0
26646,0.0
29201,0.0
33033,0.0
33075,0.0
33679,0.0
34175,0.0
34461,0.023
34802,0.004
34815,0.004
34955,0.0
34976,0.01
33837,0.0
26186,0.026
25979,0.008
34012,0.005
26126,0.0
22085,0.0
33561,0.028
33966,0.0
33568,0.0
34548,0.012
26339,0.0
10167,0.006
10327,0.025
10385,0.0
10585,0.003
10601,0.006
10715,0.008
10726,0.0
10921,0.006
11007,0.0
11013,0.027
11150,0.0
11232,0.001
11238,0.011
11249,0.001
11514,0.0
11785,0.0
11997,0.016
12074,0.004
12116,0.007
12263,0.0
12268,0.0
12352,0.0
12461,0.0
12531,0.0
12608,0.0
12893,0.0
12929,0.022
12971,0.0
13131,0.007
13135,0.021
13386,0.013
13408,0.003
13684,0.004
13733,0.01
13811,0.01
13867,0.0
13914,0.0
14131,0.009
14134,0.0
14142,0.0
14269,0.0
14531,0.0
14557,0.0
14598,0.0
14602,0.0
14635,0.0
14650,0.0
14657,0.0
14892,0.0
15257,0.012
15357,0.001
15378,0.002
15439,0.0
15487,0.0
15518,0.001
15523,0.041
15535,0.001
15544,0.001
15612,0.0
15723,0.0
15910,0.025
16113,0.005
16214,0.0
16273,0.0
16370,0.0
16482,0.001
16921,0.0
17016,0.0
17218,0.0
17235,0.003
17451,0.0
17485,0.0
17584,0.0
17628,0.0
17802,0.0
17890,0.0
17920,0.0
18761,0.0
19500,0.002
19610,0.0
19878,0.0
19916,0.0
20265,0.0
20312,0.0
20465,0.039
20547,0.055
20821,0.0
21236,0.0
21342,0.0
21428,0.0
21501,0.0
21549,0.0
22123,0.0
22244,0.0
22733,0.0
22936,0.0
22966,0.0
22980,0.0
23008,0.0
24002,0.0
24277,0.0
25006,0.0
25020,0.0
25188,0.004
25209,0.0
25264,0.006
25483,0.0
25624,0.0
25636,0.0
25777,0.0
25879,0.0
26409,0.0
26501,0.0
33128,0.0
33158,0.006
33171,0.0
34171,0.0
34335,0.0
34382,0.0
34760,0.0
26258,0.02
35011,0.03
35012,0.036
34008,0.0
21994,0.0
19825,0.0
16681,0.0
34010,0.0
15922,0.0
33560,0.016
33565,0.0
33659,0.0
34241,0.0
34484,0.183
34529,0.0
24463,0.0
21936,0.0
10068,0.006
10102,0.0
10211,0.024
10391,0.0
10513,0.0
10586,0.004
10869,0.0
10898,0.01
11153,0.0
11231,0.003
11346,0.0
11415,0.0
11508,0.0
11517,0.0
11536,0.0
11667,0.0
12174,0.0
12177,0.0
12202,0.0
12229,0.0
12255,0.0
12290,0.0
12338,0.0
12508,0.071
12522,0.0
12846,0.019
12923,0.0
13020,0.025
13069,0.003
13114,0.008
13183,0.012
13248,0.0
13360,0.019
13525,0.027
13577,0.008
13586,0.011
13776,0.0
13789,0.0
13814,0.067
14111,0.067
14114,0.035
14180,0.0
14207,0.0
14622,0.009
15491,0.0
15514,0.009
15577,0.0
15947,0.0
16115,0.003
16190,0.0
16924,0.0
17054,0.0
17430,0.0
17699,0.051
17713,0.113
17951,0.0
18311,0.0
18554,0.0
18752,0.0
18807,0.002
18810,0.003
18929,0.0
19293,0.0
19557,0.0
19614,0.0
20003,0.0
20771,0.0
21069,0.0
21421,0.0
22167,0.0
22491,0.0
22716,0.0
23422,0.0
23982,0.0
23993,0.0
24572,0.0
24608,0.0
24839,0.0
24969,0.0
25557,0.0
25673,0.0
25740,0.0
25837,0.015
25926,0.036
25931,0.0
25998,0.0
26200,0.0
26207,0.0
26211,0.0
26408,0.0
26572,0.0
33022,0.022
33034,0.0
33103,0.0
33219,0.0
33277,0.0
33342,0.0
33468,0.0
33638,0.0
34191,0.0
34265,0.064
34342,0.0
34405,0.0
34809,0.005
34810,0.0
34887,0.0
34983,0.0
35024,0.0
35355,0.032
35513,0.049
33790,0.0
26312,0.0
23205,0.026
25438,0.0
35034,0.091
12221,0.0
33533,0.0
13083,0.029
11991,0.059
34480,0.066
34682,0.0
10205,0.022
10469,0.0
10472,0.004
10490,0.007
10817,0.0
10895,0.0
10913,0.005
10938,0.006
10941,0.034
10979,0.0
11020,0.018
11145,0.0
11329,0.002
11534,0.0
11566,0.001
11602,0.003
11996,0.005
12015,0.0
12261,0.0
12591,0.0
12606,0.0
12844,0.0
12868,0.0
12943,0.0
13001,0.0
13155,0.0
13213,0.006
13280,0.017
13338,0.008
13375,0.016
13433,0.001
13583,0.02
13604,0.006
13651,0.0
13740,0.013
13827,0.029
14319,0.0
14410,0.0
14629,0.0
14716,0.006
14792,0.0
14803,0.0
14845,0.0
14888,0.0
14908,0.004
15085,0.0
15105,0.007
15206,0.0
15275,0.005
15320,0.02
15383,0.0
15550,0.014
15569,0.016
15766,0.0
15780,0.007
16300,0.0
16479,0.002
16495,0.0
16536,0.008
16559,0.017
16572,0.016
16608,0.018
17094,0.0
17183,0.0
17355,0.001
17657,0.0
18065,0.0
18517,0.0
18821,0.006
19297,0.0
19494,0.0
19877,0.0
20128,0.027
20263,0.0
20394,0.012
20780,0.006
21448,0.0
21592,0.0
21682,0.01
21974,0.0
22256,0.0
22264,0.009
22343,0.0
22829,0.0
23136,0.0
23262,0.0
23644,0.0
23879,0.0
24252,0.0
24406,0.015
24583,0.0
24619,0.006
24947,0.0
25027,0.0
25256,0.001
25785,0.0
25997,0.0
26002,0.0
26016,0.006
26020,0.0
26203,0.0
26227,0.0
26394,0.0
33011,0.0
33164,0.0
33257,0.0
33583,0.05
33821,0.0
33874,0.0
34200,0.0
34421,0.0
34714,0.001
34879,0.006
34890,0.003
35276,0.0
25990,0.0
33820,0.0
33834,0.0
26317,0.004
26274,0.0
34120,0.027
34313,0.426
25488,0.0
13313,0.007
25447,0.0
11974,0.013
34530,0.0
34586,0.0
34605,0.035
23700,0.0
12849,0.6
10109,0.0
10236,0.0
10238,0.0
10341,0.011
10359,0.101
10537,0.0
10553,0.0
10667,0.043
10843,0.0
10959,0.017
10982,0.0
11094,0.005
11168,0.0
11261,0.017
11332,0.01
11372,0.01
11570,0.0
12070,0.0
12247,0.0
12498,0.0
13073,0.012
13633,0.009
13821,0.016
13842,0.0
13915,0.0
14619,0.014
14822,0.0
14978,0.027
14995,0.006
15008,0.0
15370,0.004
15529,0.02
15547,0.02
15622,0.0
15821,0.002
15858,0.0
15926,0.0
16243,0.003
16420,0.1
16462,0.006
16487,0.0
16570,0.002
16960,0.0
17017,0.0
17077,0.0
17099,0.004
17200,0.0
17321,0.007
17859,0.0
18047,0.0
18754,0.0
18793,0.0
19216,0.008
19343,0.0
19495,0.013
19845,0.0
20032,0.0
20898,0.0
20991,0.0
21130,0.0
21208,0.005
21357,0.029
21865,0.0
22079,0.0
22129,0.0
22427,0.0
22572,0.05
22818,0.0
22828,0.0
22917,0.0
22994,0.0
23027,0.0
23066,0.0
23161,0.0
23185,0.0
23588,0.0
23609,0.0
24353,0.0
24827,0.0
25025,0.0
25040,0.0
25079,0.0
25250,0.013
25536,0.0
25756,0.0
25791,0.0
25792,0.0
26366,0.0
26419,0.0
33155,0.0
33197,0.003
33262,0.0
33406,0.0
33460,0.004
33594,0.057
33632,0.003
33637,0.0
34922,0.006
35102,0.0
26158,0.0
26195,0.0
34539,0.0
24858,0.0
11958,0.049
12864,0.045
34501,0.021
34544,0.0
34582,0.0
34716,0.0
10128,0.001
10289,0.01
10321,0.022
10365,0.0
10905,0.0
11067,0.008
11136,0.0
11164,0.0
11271,0.005
11532,0.003
11681,0.0
11682,0.0
12005,0.0
12026,0.0
12153,0.005
12326,0.012
12434,0.0
12487,0.0
12505,0.146
12549,0.027
12563,0.008
12891,0.09
12964,0.024
12992,0.0
13050,0.005
13089,0.007
13380,0.026
13699,0.022
13711,0.066
14085,0.0
14637,0.0
14810,0.0
14994,0.013
15228,0.008
15279,0.005
15368,0.0
15420,0.0
15608,0.008
15616,0.0
15625,0.0
15896,0.0
16206,0.0
16327,0.007
16359,0.0
16708,0.035
16959,0.0
16983,0.0
16989,0.0
17005,0.0
17041,0.02
17076,0.0
17404,0.008
17452,0.001
17473,0.039
17536,0.0
17702,0.178
17747,0.145
17902,0.0
17923,0.0
18019,0.0
18621,0.0
19233,0.013
19419,0.0
19961,0.0
20094,0.0
20953,0.0
21013,0.0
21121,0.003
21649,0.0
21725,0.0
22047,0.0
22292,0.0
22824,0.0
23222,0.12
23257,0.0
23326,0.0
23401,0.156
23440,0.0
23480,0.0
23889,0.0
24158,0.0
24253,0.0
24848,0.0
24968,0.0
25357,0.0
25608,0.0
25774,0.0
26496,0.005
33226,0.0
33325,0.0
33381,0.0
33454,0.001
33503,0.0
33645,0.0
34274,0.033
34737,0.0
34813,0.0
34878,0.004
34889,0.001
26160,0.0
18672,0.0
33855,0.0
33235,0.0
34140,0.042
14982,0.024
26152,0.063
22086,0.0
14256,0.0
10987,0.022
33656,0.0
33948,0.0
34519,0.0
34574,0.0
10333,0.016
10523,0.0
10720,0.009
10736,0.004
10835,0.0
10892,0.025
10950,0.008
11242,0.002
11298,0.014
11507,0.0
11603,0.021
11802,0.0
11935,0.0
11987,0.0
12343,0.0
12351,0.0
12584,0.0
12756,0.0
12922,0.123
12938,0.0
13031,0.0
13125,0.009
13219,0.0
13365,0.0
13370,0.046
13382,0.056
13694,0.0
13730,0.022
13778,0.0
13828,0.031
13923,0.004
14047,0.0
14262,0.032
14592,0.009
14942,0.041
15091,0.003
15346,0.003
15359,0.015
15423,0.0
15522,0.003
15540,0.011
15905,0.012
15940,0.0
16114,0.004
16244,0.001
16323,0.0
16511,0.0
16541,0.003
16544,0.004
16607,0.005
16662,0.017
16806,0.002
17026,0.0
17085,0.0
17175,0.006
17189,0.0
17199,0.0
17330,0.002
17396,0.008
17407,0.002
17447,0.002
17660,0.0
17881,0.0
17987,0.0
17996,0.0
18030,0.0
18380,0.0
18610,0.009
18812,0.006
18954,0.0
18999,0.018
19724,0.0
19735,0.0
19855,0.002
20378,0.0
20387,0.0
20446,0.0
20762,0.0
20776,0.029
20847,0.004
21545,0.0
21583,0.0
21885,0.0
22038,0.0
22291,0.0
22821,0.0
22945,0.0
22982,0.0
23284,0.0
23618,0.0
24602,0.0
24924,0.0
24926,0.0
25008,0.002
25030,0.0
25200,0.0
25210,0.0
25310,0.001
25313,0.0
25343,0.0
25373,0.0
25925,0.004
26071,0.004
26088,0.0
26246,0.0
26407,0.0
26432,0.0
33006,0.004
33014,0.0
33059,0.006
33212,0.0
33496,0.0
34174,0.0
34215,0.0
34432,0.0
34609,0.01
34805,0.004
35359,0.0
33810,0.0
18673,0.0
26106,0.0
17546,0.0
21849,0.035
13092,0.044
14257,0.0
25331,0.0
25560,0.0
34575,0.0
34683,0.0
10126,0.0
10323,0.011
10438,0.008
10524,0.0
10747,0.007
10776,0.002
10818,0.0
10919,0.0
10942,0.035
11101,0.008
11175,0.0
11197,0.0
11241,0.001
11347,0.007
11491,0.0
11634,0.0
11865,0.0
12104,0.0
12188,0.002
12243,0.0
12252,0.0
12470,0.0
12562,0.0
12615,0.0
12617,0.002
12712,0.0
13065,0.002
13297,0.0
13327,0.0
13390,0.0
13657,0.013
13757,0.0
13841,0.0
14076,0.011
14149,0.002
14416,0.0
14434,0.0
14444,0.0
14473,0.0
14708,0.013
14790,0.0
15122,0.009
15198,0.0
15201,0.0
15277,0.007
15341,0.0
15494,0.006
15533,0.023
15725,0.0
15827,0.008
16145,0.002
16196,0.0
16391,0.0
16499,0.0
16940,0.0
17008,0.0
17088,0.0
17108,0.0
17324,0.008
17415,0.046
17443,0.005
17922,0.0
18293,0.0
18762,0.0
18788,0.0
18796,0.0
19256,0.0
19488,0.005
20006,0.0
20130,0.029
20424,0.0
20469,0.031
20522,0.18
20717,0.0
20755,0.0
21167,0.132
21470,0.002
21917,0.0
22454,0.0
22583,0.028
23377,0.0
23488,0.024
23595,0.0
23677,0.0
24116,0.004
24350,0.0
24415,0.0
24826,0.0
25082,0.0
25409,0.007
25639,0.0
25654,0.0
26238,0.0
26525,0.0
33024,0.041
33102,0.0
33189,0.0
33194,0.0
33501,0.0
33522,0.0
35233,0.023
33743,0.0
26118,0.111
34344,0.303
34782,0.44
25989,0.0
34658,0.0
34488,0.191
25145,0.0
10671,0.0
10765,0.005
11021,0.014
11046,0.032
11817,0.0
11829,0.0
11830,0.024
12047,0.007
12417,0.0
12458,0.0
12475,0.0
12486,0.0
12739,0.022
12863,0.0
12876,0.017
12944,0.0
13022,0.0
13602,0.006
13693,0.0
13738,0.0
13938,0.0
14103,0.0
14161,0.0
14284,0.0
14815,0.0
14847,0.0
14988,0.015
14992,0.006
15086,0.0
15355,0.02
15521,0.003
15539,0.012
15582,0.0
15716,0.0
15774,0.024
15819,0.003
15837,0.0
15909,0.014
16146,0.003
16467,0.003
16498,0.0
16686,0.0
16920,0.0
16925,0.0
16941,0.0
17018,0.0
17149,0.0
17167,0.032
17195,0.0
17826,0.0
18368,0.0
18378,0.0
18692,0.0
18729,0.0
19229,0.0
19265,0.0
19385,0.0
19553,0.0
20637,0.0
20760,0.0
21754,0.0
21872,0.0
22009,0.0
22250,0.121
22547,0.0
22589,0.0
22835,0.0
22977,0.0
23224,0.071
23337,0.0
23383,0.0
23467,0.0
23613,0.0
23928,0.0
25003,0.0
25193,0.096
25246,0.004
25360,0.0
25415,0.007
25520,0.0
25670,0.0
25675,0.0
25726,0.0
25782,0.0
33045,0.0
33188,0.0
33375,0.0
33445,0.003
33464,0.0
34401,0.013
34408,0.0
34409,0.0
34411,0.0
34645,0.0
34873,0.003
34947,0.0
34969,0.0
35194,0.07
35200,0.0
35294,0.0
22325,0.0
19775,0.0
24435,0.0
23049,0.045
34384,0.402
11992,0.057
33655,0.0
34524,0.0
34527,0.0
34679,0.0
20829,0.0
10051,0.011
10288,0.016
10303,0.008
10423,0.0
10872,0.01
11069,0.021
11188,0.019
11290,0.006
11524,0.001
11676,0.0
12208,0.0
12275,0.0
12426,0.012
12542,0.0
12872,0.0
13055,0.006
13063,0.055
13104,0.013
13132,0.008
13220,0.0
13258,0.001
13270,0.001
13306,0.001
13550,0.0
13598,0.017
13615,0.003
13748,0.0
13777,0.0
13805,0.032
13833,0.019
13849,0.0
13885,0.0
14544,0.0
14681,0.0
14853,0.0
14977,0.0
15102,0.0
15143,0.0
15537,0.001
15719,0.0
16421,0.026
16491,0.0
16822,0.001
16859,0.003
16976,0.0
16995,0.0
17368,0.0
17577,0.0
18021,0.0
18353,0.0
19051,0.0
19104,0.0
20231,0.0
20528,0.076
20873,0.004
21160,0.0
21182,0.0
21473,0.0
22124,0.0
22127,0.0
22130,0.0
22536,0.0
22822,0.0
22836,0.0
22998,0.0
23031,0.0
23032,0.0
23342,0.0
23457,0.0
23773,0.0
23815,0.0
23848,0.0
24394,0.008
24974,0.0
25207,0.0
25236,0.044
25240,0.001
25878,0.0
26000,0.0
26315,0.0
26436,0.005
26448,0.0
33172,0.0
33365,0.0
33633,0.0
34733,0.0
34972,0.0
35358,0.0
33705,0.0
18824,0.0
24882,0.024
33716,0.0
33236,0.0
10694,0.0
33566,0.0
34558,0.005
34680,0.0
14518,0.0
10201,0.028
10291,0.004
10304,0.008
10510,0.0
10719,0.019
10823,0.0
10836,0.0
10904,0.007
11144,0.006
11275,0.061
11648,0.0
11665,0.0
12085,0.024
12100,0.0
12236,0.0
12480,0.0
12526,0.053
12537,0.037
12693,0.029
12906,0.027
12909,0.0
12920,0.038
13400,0.01
13635,0.002
13715,0.023
13764,0.0
13786,0.019
13840,0.0
14135,0.001
14268,0.002
14283,0.001
14286,0.001
14315,0.0
14339,0.0
14791,0.0
14841,0.0
14885,0.0
14948,0.0
15000,0.014
15168,0.0
15188,0.0
15574,0.0
15600,0.006
15912,0.0
15955,0.0
16116,0.003
16201,0.0
16220,0.003
16459,0.0
16569,0.01
16698,0.01
16767,0.004
17216,0.0
17345,0.004
17393,0.005
17399,0.006
17969,0.0
18391,0.0
18622,0.0
18623,0.0
18735,0.03
19031,0.0
19395,0.0
19416,0.0
19451,0.0
19555,0.0
19561,0.0
19807,0.0
19912,0.002
20009,0.0
20336,0.0
20536,0.0
20857,0.005
21399,0.0
21498,0.0
21698,0.0
23340,0.0
23402,0.026
23409,0.0
23425,0.001
23506,0.0
23599,0.0
23841,0.0
24000,0.0
24172,0.02
24620,0.0
24701,0.005
25070,0.0
25176,0.0
25796,0.0
25812,0.0
26039,0.0
26255,0.006
26401,0.0
33389,0.0
33678,0.0
34102,0.0
34349,0.003
34368,0.0
34715,0.016
34860,0.008
35049,0.0
35181,0.0
35198,0.026
34473,0.0
17943,0.0
18095,0.0
18895,0.0
33840,0.0
26108,0.0
17843,0.0
26100,0.0
25988,0.0
10413,0.17
12517,0.033
34465,0.056
35249,0.0
10095,0.0
10307,0.065
10368,0.0
10449,0.0
10535,0.0
10539,0.0
10699,0.004
10749,0.007
10789,0.013
10825,0.0
10911,0.002
11038,0.0
11201,0.005
11251,0.003
11406,0.0
12000,0.0
12093,0.015
12412,0.0
12453,0.0
12465,0.0
12468,0.0
12585,0.0
13009,0.029
13032,0.0
13246,0.0
13361,0.007
13507,0.0
13815,0.031
13824,0.016
13896,0.004
14051,0.0
14126,0.0
14164,0.037
14274,0.0
14278,0.008
14601,0.0
14664,0.0
14967,0.063
15182,0.0
15185,0.0
15280,0.006
15457,0.0
15499,0.001
15694,0.0
15704,0.0
15859,0.0
15864,0.0
16945,0.0
17046,0.0
17107,0.0
17898,0.0
18028,0.0
18325,0.0
18590,0.0
18871,0.0
18877,0.0
19144,0.0
19551,0.0
19884,0.0
19888,0.0
20132,0.0
20453,0.0
21638,0.0
21735,0.0
21817,0.0
22020,0.0
22243,0.0
22700,0.07
22738,0.0
23189,0.0
23200,0.0
23405,0.02
23449,0.0
23956,0.006
24601,0.0
24781,0.0
24828,0.073
24966,0.0
25361,0.0
25471,0.034
25829,0.035
26128,0.0
26361,0.0
26375,0.0
26395,0.0
33193,0.0
33383,0.0
33384,0.004
33391,0.001
33441,0.001
33667,0.0
33680,0.0
33806,0.0
34866,0.005
35375,0.0
35428,0.023
18898,0.0
33811,0.0
18671,0.0
34116,0.081
23048,0.035
25429,0.0
34479,0.07
26331,0.0
26338,0.0
34579,0.0
10182,0.006
10374,0.0
10527,0.0
10672,0.0
10998,0.0
11040,0.0
11050,0.013
11200,0.007
11630,0.0
11638,0.0
11807,0.0
11828,0.0
11907,0.001
11954,0.093
11979,0.0
12016,0.0
12034,0.003
12235,0.0
12266,0.0
12279,0.0
12342,0.0
12415,0.0
12441,0.055
12473,0.0
12597,0.0
13180,0.032
13216,0.002
13293,0.001
13353,0.0
13401,0.009
13402,0.005
13404,0.0
13578,0.008
13665,0.009
13825,0.0
13837,0.018
14169,0.0
14433,0.0
14559,0.0
14674,0.0
14712,0.005
14835,0.0
14910,0.015
15031,0.0
15200,0.0
15282,0.005
15374,0.0
15438,0.0
15490,0.0
15501,0.003
15885,0.0
16274,0.0
16481,0.0
16554,0.012
16582,0.002
16782,0.0
16834,0.004
16954,0.0
16963,0.0
17048,0.0
17210,0.0
17315,0.023
17333,0.001
17408,0.003
17678,0.0
18768,0.0
18952,0.0
19359,0.019
19496,0.014
19499,0.005
19728,0.0
20005,0.0
20007,0.0
20037,0.0
20359,0.0
20754,0.0
21492,0.0
21945,0.0
22078,0.014
22288,0.0
23208,0.029
23413,0.0
23565,0.0
23683,0.0
23988,0.0
23994,0.0
24069,0.0
24159,0.0
24525,0.012
25015,0.001
25597,0.005
25657,0.0
25801,0.0
25924,0.004
33367,0.007
33415,0.0
33604,0.0
33750,0.0
33875,0.0
34430,0.0
34901,0.001
34985,0.0
35203,0.0
35272,0.0
35299,0.0
33793,0.0
25903,0.0
34535,0.0
33835,0.0
33175,0.0
25427,0.057
34325,0.418
24857,0.0
34134,0.018
16237,0.0
33708,0.065
33725,0.016
34467,0.003
34703,0.0
34681,0.0
34684,0.084
10122,0.0
10366,0.0
10491,0.01
11041,0.0
12029,0.041
12056,0.0
12080,0.0
12355,0.0
12479,0.0
12494,0.0
12580,0.0
12668,0.0
12972,0.0
13019,0.061
13101,0.001
13217,0.002
13613,0.039
13704,0.019
14224,0.0
14430,0.0
14436,0.0
14667,0.0
14927,0.0
15242,0.004
15530,0.002
15942,0.0
16258,0.0
16478,0.002
16571,0.026
16813,0.0
17007,0.0
17049,0.0
17356,0.0
17596,0.0
17625,0.0
17703,0.222
18323,0.0
18396,0.0
18617,0.0
18795,0.0
19038,0.0
19485,0.0
19556,0.0
19817,0.0
19866,0.0
19920,0.026
20016,0.0
20173,0.0
20403,0.0
21541,0.0
21800,0.0
22289,0.0
22875,0.007
22888,0.0
22989,0.0
23256,0.0
23600,0.0
24004,0.0
24398,0.0
24520,0.0
24573,0.0
24835,0.0
25051,0.0
25451,0.09
25599,0.008
26008,0.0
26055,0.0
26364,0.0
26445,0.0
33060,0.001
33413,0.0
33505,0.0
34354,0.0
34389,0.0
34612,0.0
35114,0.009
35408,0.0
35485,0.0
34542,0.0
21900,0.0
34195,0.0
21009,0.0
25439,0.0
34109,0.042
35032,0.094
35035,0.193
34312,0.415
26102,0.0
23509,0.027
26044,0.0
33714,0.0
33720,0.0
20745,0.067
33529,0.0
33536,0.0
12955,0.0
35398,0.0
34584,0.0
10056,0.01
10116,0.0
10127,0.0
10136,0.0
10181,0.007
10254,0.027
10281,0.007
10284,0.003
10454,0.007
10521,0.0
10607,0.0
10824,0.0
11572,0.002
11658,0.0
11808,0.0
11854,0.007
11980,0.0
12249,0.0
12493,0.0
12554,0.0
12578,0.0
12949,0.019
12974,0.0
13162,0.0
13939,0.0
14141,0.008
14596,0.0
14665,0.0
14671,0.0
14714,0.014
14865,0.0
14970,0.004
15010,0.0
15229,0.004
15434,0.056
15436,0.046
15443,0.018
15580,0.0
15581,0.0
15645,0.0
15713,0.0
15887,0.0
15894,0.0
16233,0.0
16364,0.0
16476,0.004
16691,0.0
16793,0.016
16824,0.0
16887,0.0
17126,0.0
17170,0.038
17387,0.017
17492,0.0
18593,0.0
18612,0.006
19018,0.0
19041,0.0
19422,0.0
19441,0.0
19492,0.003
19609,0.0
19815,0.0
19819,0.0
19838,0.0
20093,0.0
20364,0.0
20579,0.023
20779,0.014
20827,0.0
21040,0.0
21086,0.001
21133,0.0
21247,0.0
21343,0.0
21458,0.0
21491,0.0
21535,0.0
21548,0.0
21732,0.0
21815,0.0
22437,0.0
22517,0.0
22732,0.0
22765,0.004
22947,0.0
23249,0.04
23334,0.0
23602,0.0
23641,0.0
23671,0.0
23823,0.0
23843,0.0
24204,0.0
24352,0.0
25245,0.001
26629,0.0
26649,0.0
33243,0.0
33455,0.006
33504,0.0
33612,0.0
34103,0.0
34128,0.0
34184,0.0
34462,0.01
34566,0.0
34808,0.002
34816,0.001
34861,0.005
35406,0.0
35420,0.232
35516,0.196
20541,0.0
34474,0.0
26196,0.0
34129,0.0
16552,0.019
34656,0.0
33527,0.0
13558,0.022
34739,0.0
35205,0.0
35252,0.0
26015,0.0
10020,0.0
10060,0.012
10100,0.0
10169,0.08
10235,0.0
10252,0.0
10332,0.001
10375,0.0
10390,0.0
10716,0.004
11128,0.009
11146,0.0
11182,0.012
11252,0.018
11527,0.008
11659,0.0
11689,0.0
11806,0.0
11912,0.001
11950,0.0
12066,0.0
12176,0.0
12288,0.0
12331,0.024
12481,0.0
12482,0.0
12987,0.0
13279,0.063
13294,0.0
13296,0.0
13319,0.002
13721,0.003
13834,0.0
13884,0.039
14229,0.0
14231,0.0
14526,0.017
14530,0.0
14944,0.03
15009,0.0
15109,0.009
15435,0.04
15546,0.002
15548,0.004
15777,0.0
15787,0.0
15934,0.0
15971,0.0
16112,0.006
16219,0.0
16394,0.0
16471,0.028
16494,0.0
16804,0.0
16944,0.0
16985,0.0
17113,0.0
17488,0.0
17883,0.0
17910,0.0
18630,0.0
18794,0.0
19292,0.0
19308,0.0
19554,0.0
19687,0.0
19726,0.0
20332,0.039
21442,0.0
21996,0.0
22033,0.036
22668,0.001
22956,0.0
23499,0.0
23606,0.0
23616,0.0
23649,0.0
23707,0.003
24176,0.0
24402,0.006
24606,0.0
25017,0.0
25222,0.026
25309,0.003
25419,0.0
25795,0.0
33127,0.0
33250,0.0
33259,0.0
33268,0.0
33608,0.025
33644,0.0
34713,0.002
34862,0.006
21326,0.0
25052,0.0
33746,0.0
23044,0.049
33713,0.024
25437,0.0
34115,0.427
34314,0.425
34235,0.028
34468,0.063
34491,0.19
35257,0.0
10050,0.009
10311,0.012
10532,0.0
10575,0.005
10847,0.0
10954,0.01
10993,0.0
11058,0.0
11282,0.005
11542,0.002
12115,0.011
12231,0.0
12318,0.039
12409,0.0
12432,0.0
12707,0.0
12900,0.021
12940,0.0
12980,0.0
12990,0.019
13100,0.001
13159,0.0
13385,0.026
13744,0.0
13784,0.026
13912,0.003
13954,0.003
14174,0.009
14250,0.0
14258,0.0
14276,0.0
14336,0.0
14549,0.0
14825,0.0
15224,0.005
15610,0.005
15712,0.0
16477,0.004
17119,0.07
17341,0.003
17632,0.0
17753,0.075
18027,0.0
18345,0.0
18591,0.0
18739,0.004
19232,0.013
19452,0.0
19729,0.0
19904,0.0
20338,0.0
20482,0.021
20552,0.009
20812,0.001
20825,0.0
20871,0.006
20996,0.015
21286,0.0
21495,0.0
21985,0.0
22351,0.058
22906,0.0
23147,0.0
23186,0.0
23195,0.0
23216,0.392
23235,0.0
23450,0.0
23591,0.0
23597,0.0
24840,0.0
24959,0.0
25000,0.0
25166,0.0
25237,0.001
25476,0.0
25867,0.02
26053,0.004
26054,0.003
26093,0.0
26214,0.0
26222,0.0
26235,0.0
26368,0.0
26614,0.0
29202,0.0
33324,0.0
34673,0.0
34952,0.0
18896,0.0
33104,0.0
21010,0.0
26280,0.0
26566,0.0
25430,0.178
34329,0.325
34672,0.002
34005,0.0
25980,0.063
14783,0.0
33967,0.027
33968,0.028
33953,0.0
34678,0.0
10162,0.015
10285,0.002
10316,0.006
10387,0.0
10436,0.0
10515,0.0
10530,0.0
10840,0.0
10848,0.0
10853,0.017
11063,0.006
11068,0.021
11098,0.013
11135,0.0
11335,0.003
11556,0.001
11964,0.0
11982,0.019
12105,0.0
12519,0.011
12888,0.0
12928,0.028
12965,0.0
12993,0.0
13191,0.0
13354,0.0
13749,0.0
13806,0.009
14147,0.002
14365,0.0
14468,0.0
14693,0.0
14820,0.0
14846,0.0
14859,0.0
15016,0.0
15144,0.0
15390,0.0
15604,0.006
15624,0.0
15707,0.0
15720,0.0
15841,0.0
15929,0.0
15943,0.0
15944,0.0
15968,0.0
16060,0.0
16452,0.015
16557,0.005
16568,0.005
16840,0.0
16842,0.0
16884,0.0
17064,0.0
17186,0.0
17382,0.0
17405,0.005
17459,0.002
17992,0.0
18005,0.0
18321,0.0
19021,0.0
19497,0.003
19563,0.0
20002,0.005
20224,0.0
20529,0.02
20809,0.001
20874,0.029
20875,0.0
21245,0.0
21440,0.005
21587,0.0
21685,0.0
22168,0.0
22353,0.091
22812,0.0
22817,0.0
22884,0.0
22895,0.0
23259,0.0
23842,0.0
23920,0.0
24011,0.0
24630,0.0
24870,0.009
24889,0.0
24921,0.0
24946,0.0
25005,0.0
25016,0.0
25028,0.0
25041,0.0
25241,0.001
25550,0.002
25819,0.0
25951,0.0
26376,0.0
26379,0.0
33010,0.0
33203,0.003
33495,0.0
33634,0.0
34676,0.024
34863,0.005
34960,0.0
33789,0.0
33786,0.0
24888,0.0
25328,0.025
17774,0.053
13005,0.0
34236,0.0
34481,0.056
34505,0.0
24462,0.0
34577,0.0
34580,0.0
24788,0.0
35255,0.0
10070,0.012
10090,0.0
10224,0.069
10335,0.015
10520,0.0
10540,0.0
10608,0.0
10743,0.01
10755,0.004
10859,0.007
11177,0.0
11567,0.001
11803,0.0
12030,0.018
12038,0.02
12185,0.002
12257,0.0
12260,0.0
12386,0.0
12503,0.0
12569,0.0
12669,0.0
12680,0.0
12905,0.017
13072,0.087
13126,0.013
13420,0.021
13426,0.002
13708,0.016
13794,0.0
13844,0.0
14053,0.0
14466,0.0
14543,0.0
14556,0.0
14805,0.0
14926,0.0
15058,0.001
15094,0.0
15195,0.0
15398,0.006
15456,0.0
15528,0.017
15536,0.001
15575,0.0
15917,0.0
15939,0.0
16242,0.002
16255,0.0
16299,0.0
16480,0.009
16926,0.0
16938,0.0
17384,0.018
17455,0.0
18589,0.0
18625,0.0
19105,0.0
19331,0.0
19491,0.027
20035,0.0
20659,0.0
21536,0.0
21653,0.0
21654,0.0
22290,0.0
22314,0.0
22654,0.0
22752,0.0
22983,0.0
22986,0.0
24427,0.003
24519,0.0
24531,0.0
24672,0.0
25009,0.0
25600,0.012
25753,0.0
25757,0.0
25845,0.0
26129,0.0
26231,0.0
33016,0.0
33035,0.0
33122,0.0
33390,0.001
33448,0.002
33494,0.0
33804,0.0
33940,0.0
34196,0.0
34596,0.0
34959,0.0
12438,0.0
26302,0.0
34113,0.022
23054,0.025
34328,0.403
24397,0.0
10481,0.004
10988,0.012
13781,0.032
34528,0.0
15013,0.0
10178,0.04
10280,0.024
10445,0.0
10690,0.004
10841,0.0
10845,0.0
10961,0.035
10962,0.037
11000,0.013
11043,0.0
11104,0.003
11113,0.005
11124,0.0
11163,0.0
11250,0.004
11381,0.001
11663,0.0
11873,0.058
12024,0.002
12048,0.007
12119,0.015
12225,0.0
12291,0.0
12344,0.0
12555,0.012
12691,0.006
13059,0.003
13140,0.014
13397,0.0
13490,0.0
13736,0.0
13739,0.0
13802,0.021
13924,0.003
13953,0.0
14021,0.015
14156,0.0
14179,0.061
14272,0.0
14998,0.009
15002,0.0
15253,0.006
15511,0.002
15554,0.004
15602,0.007
15721,0.0
15825,0.008
15911,0.022
16664,0.009
16808,0.0
17120,0.008
17168,0.03
17522,0.0
17593,0.0
17698,0.119
18221,0.003
18335,0.0
18394,0.0
18736,0.018
18860,0.008
18865,0.011
18957,0.0
19484,0.0
19624,0.0
19831,0.005
20068,0.0
20516,0.0
20644,0.003
20818,0.0
20865,0.003
20881,0.001
21050,0.0
21279,0.072
21411,0.006
21437,0.0
21469,0.002
21691,0.0
21781,0.0
22088,0.0
22091,0.0
22128,0.0
22301,0.0
22684,0.005
22731,0.0
22811,0.0
22842,0.0
23420,0.0
23452,0.0
23513,0.093
23847,0.0
24003,0.0
24700,0.0
24811,0.0
24949,0.0
25121,0.0
25562,0.0
25671,0.0
25839,0.021
25875,0.0
25959,0.0
26066,0.009
26400,0.0
26406,0.0
33443,0.002
33975,0.0
34180,0.0
34189,0.0
34276,0.0
34877,0.033
35275,0.0
35283,0.0
26194,0.0
35033,0.087
34324,0.29
34667,0.438
33700,0.0
33373,0.0
33711,0.0
21467,0.013
15003,0.0
12516,0.026
15921,0.0
16546,0.091
10076,0.063
10081,0.008
10159,0.08
10650,0.0
10689,0.004
11025,0.0
11053,0.0
11189,0.0
11297,0.004
11362,0.004
11657,0.0
11673,0.0
11699,0.0
11842,0.004
11861,0.004
11911,0.001
11985,0.007
11994,0.001
12058,0.002
12061,0.016
12087,0.006
12184,0.013
12214,0.0
12471,0.0
12694,0.002
12715,0.0
12858,0.02
13008,0.047
13221,0.0
13222,0.0
13287,0.002
13417,0.029
13501,0.012
13622,0.006
13627,0.004
13639,0.051
13769,0.0
13905,0.0
13956,0.004
14091,0.0
14171,0.037
14205,0.0
14263,0.005
14431,0.0
14558,0.0
14613,0.0
14794,0.0
14818,0.0
14891,0.0
14909,0.017
15181,0.0
15197,0.0
15244,0.002
15324,0.004
15366,0.001
15377,0.004
15395,0.0
15440,0.0
15826,0.006
15856,0.0
16259,0.0
16465,0.005
16615,0.006
16936,0.0
17197,0.0
17381,0.0
17708,0.062
17870,0.0
17875,0.0
18107,0.0
18282,0.0
18292,0.0
18412,0.0
18619,0.0
18934,0.0
18949,0.0
19000,0.0
19011,0.014
19222,0.0
19302,0.015
19313,0.0
19776,0.0
20092,0.0
20444,0.0
20537,0.0
20870,0.004
20876,0.016
21023,0.0
21135,0.0
21166,0.015
21386,0.0
21506,0.0
21647,0.0
22002,0.0
22149,0.0
22518,0.0
22523,0.0
22575,0.037
22820,0.0
23194,0.0
23223,0.153
23339,0.0
23394,0.0
23518,0.0
23590,0.0
23835,0.0
23883,0.0
24395,0.002
24664,0.0
25024,0.0
25189,0.003
25201,0.014
25292,0.036
25665,0.0
25758,0.03
26453,0.0
26640,0.0
33013,0.0
33376,0.0
33480,0.0
34186,0.0
34334,0.015
34562,0.0
35273,0.012
26159,0.0
12509,0.0
33734,0.0
23046,0.327
29203,0.0
24591,0.0
34147,0.0
23446,0.0
10120,0.0
10301,0.014
10326,0.024
10630,0.0
10680,0.007
10688,0.0
10693,0.002
10870,0.0
10944,0.009
10975,0.0
10994,0.0
11180,0.0
11328,0.002
11330,0.007
11340,0.019
11550,0.003
11558,0.006
11643,0.0
11678,0.0
11723,0.022
11824,0.0
11902,0.016
11948,0.0
11968,0.023
11978,0.005
12032,0.0
12223,0.0
12396,0.033
12420,0.121
12550,0.068
12577,0.0
12581,0.0
12759,0.0
12789,0.005
12924,0.0
12973,0.0
13434,0.023
13713,0.02
13759,0.0
13761,0.0
13847,0.0
13955,0.002
14324,0.005
14694,0.0
15087,0.0
15158,0.0
15283,0.007
15288,0.0
15412,0.0
15428,0.004
15620,0.0
15730,0.0
15758,0.0
15857,0.0
15874,0.0
15936,0.0
16103,0.006
16202,0.01
16360,0.0
16508,0.0
16578,0.004
16655,0.004
16788,0.0
16833,0.005
17418,0.008
17610,0.0
17663,0.0
17700,0.083
17770,0.07
18309,0.0
18376,0.0
19167,0.0
19417,0.0
19917,0.0
20060,0.0
20095,0.008
20525,0.021
20677,0.003
20716,0.01
20849,0.004
20851,0.005
21277,0.0
21542,0.0
22058,0.0
22860,0.0
23004,0.0
23183,0.0
23285,0.0
23317,0.0
23350,0.0
23410,0.0
23626,0.0
23647,0.0
23704,0.0
23913,0.0
24161,0.0
24177,0.0
24645,0.0
24834,0.0
24847,0.0
24943,0.0
24976,0.0
25023,0.0
25047,0.0
25081,0.0
25248,0.004
25338,0.021
25543,0.0
25787,0.0
25843,0.009
26230,0.0
33032,0.0
33037,0.0
33261,0.0
33598,0.016
34179,0.0
34185,0.0
34362,0.0
34589,0.0
34665,0.0
34730,0.002
35109,0.0
26304,0.0
29104,0.003
34009,0.0
26293,0.001
19732,0.0
12894,0.0
16547,0.012
33969,0.028
34483,0.191
34744,0.0
35244,0.0
10158,0.0
10160,0.028
10466,0.009
10879,0.01
10945,0.008
11006,0.0
11047,0.0
11194,0.004
11418,0.0
11506,0.0
11693,0.0
11827,0.0
11960,0.0
12046,0.006
12088,0.01
12156,0.041
12233,0.0
12240,0.0
12265,0.0
12449,0.0
12495,0.0
12507,0.0
12530,0.0
12572,0.0
12752,0.019
12761,0.0
12915,0.047
12931,0.0
13014,0.0
13115,0.009
13247,0.0
13257,0.001
13422,0.005
13493,0.0
13564,0.023
14320,0.0
14422,0.0
14721,0.038
14833,0.0
15114,0.004
15154,0.0
15174,0.0
15230,0.01
15633,0.0
15715,0.0
15744,0.0
15852,0.0
15891,0.0
15953,0.0
16562,0.014
16614,0.001
16699,0.007
16853,0.026
17097,0.0
17346,0.003
17401,0.033
17722,0.089
17782,0.026
17784,0.078
17873,0.0
18379,0.0
18790,0.0
18887,0.0
19186,0.0
19412,0.0
19471,0.0
19566,0.0
19611,0.0
20365,0.0
21219,0.0
21266,0.001
21389,0.0
21651,0.0
22109,0.0
22112,0.0
22257,0.0
22318,0.0
22717,0.0
22730,0.0
22958,0.0
23219,0.029
23622,0.0
23727,0.002
23799,0.0
23981,0.0
24345,0.0
24393,0.009
24707,0.0
24922,0.0
24950,0.0
25044,0.0
25480,0.011
25508,0.004
25511,0.005
25602,0.0
25633,0.0
25648,0.0
25727,0.0
25814,0.004
26007,0.0
26092,0.0
26125,0.0
26204,0.0
26209,0.0
26398,0.0
26438,0.0
33107,0.0
33113,0.0
33281,0.0
33411,0.0
33453,0.002
33870,0.0
34614,0.032
34799,0.0
34806,0.004
34984,0.0
35215,0.0
35509,0.0
33744,0.0
24919,0.0
34541,0.0
24890,0.0
33727,0.418
34668,0.231
10097,0.0
10480,0.006
33964,0.0
34492,0.187
34493,0.183
34652,0.003
10063,0.003
10094,0.0
10357,0.072
10367,0.0
10407,0.0
10819,0.0
10852,0.006
11012,0.029
11278,0.002
11286,0.002
11503,0.0
11531,0.0
11916,0.02
12183,0.003
12190,0.014
12348,0.0
12528,0.0
12536,0.009
12869,0.021
13051,0.01
13060,0.002
13160,0.0
13393,0.006
13597,0.026
13603,0.006
13621,0.007
13793,0.0
14037,0.0
14100,0.002
14148,0.004
14160,0.0
14184,0.017
14469,0.0
14722,0.028
14986,0.015
15252,0.006
15325,0.007
15384,0.0
15454,0.004
15629,0.0
15742,0.0
15945,0.0
16122,0.004
16385,0.0
16392,0.0
16660,0.076
16836,0.004
16843,0.0
16866,0.0
16923,0.0
17157,0.0
17205,0.0
17388,0.015
17626,0.0
17776,0.065
18666,0.0
18813,0.006
18882,0.0
19339,0.0
19552,0.0
19910,0.0
19921,0.041
19984,0.0
21385,0.0
22113,0.0
22147,0.006
22435,0.0
22548,0.0
22563,0.02
22676,0.0
22685,0.005
22957,0.0
22975,0.0
22978,0.0
24222,0.0
24517,0.031
24604,0.0
24662,0.0
24663,0.0
24945,0.0
24997,0.0
25172,0.0
25251,0.001
25344,0.0
25586,0.003
25672,0.0
25693,0.0
25901,0.0
26208,0.0
26236,0.0
26411,0.0
26494,0.002
33009,0.0
33208,0.056
33247,0.0
33248,0.0
33387,0.003
33412,0.0
33631,0.0
33635,0.0
34853,0.011
34965,0.0
34975,0.033
35410,0.0
12512,0.0
33833,0.0
33712,0.0
23047,0.081
35242,0.0
34559,0.005
35247,0.0
35250,0.0
10066,0.017
10180,0.028
10723,0.0
10741,0.004
10912,0.002
10940,0.012
11134,0.0
11171,0.007
11283,0.0
11413,0.0
11515,0.0
11981,0.018
12092,0.015
12205,0.0
12206,0.0
12437,0.068
13064,0.03
13141,0.005
13145,0.011
13215,0.004
13406,0.0
13416,0.005
13742,0.0
13772,0.0
14769,0.014
15103,0.0
15146,0.0
15241,0.004
15319,0.015
15496,0.002
15507,0.002
15586,0.0
15888,0.0
15906,0.06
15935,0.0
16445,0.046
16450,0.006
16711,0.013
16795,0.002
16802,0.002
16820,0.0
16835,0.004
16872,0.002
17022,0.018
17406,0.004
17659,0.0
17715,0.09
17752,0.076
17771,0.042
17928,0.0
18023,0.0
18310,0.0
18395,0.0
18620,0.0
18948,0.0
18953,0.0
19162,0.0
19327,0.0
19577,0.0
19618,0.0
19626,0.0
20069,0.0
20695,0.0
20980,0.0
21113,0.0
21643,0.0
21867,0.0
22200,0.0
22736,0.0
22814,0.0
22839,0.0
22944,0.0
23163,0.0
23697,0.0
24223,0.0
25013,0.0
26006,0.0
26041,0.0
26051,0.161
34399,0.002
34858,0.037
35360,0.0
35486,0.0
26155,0.0
26163,0.0
20352,0.0
23051,0.029
26268,0.0
25433,0.001
33847,0.0
25046,0.0
33149,0.024
34588,0.0
35253,0.0
10024,0.0
10137,0.005
10139,0.007
10353,0.0
10609,0.004
10675,0.007
10759,0.002
10923,0.0
10934,0.016
10995,0.0
11202,0.005
11379,0.003
11568,0.01
12031,0.0
12189,0.018
12239,0.0
12271,0.0
12274,0.0
12419,0.0
12510,0.0
12548,0.023
12595,0.0
12656,0.011
13185,0.028
13186,0.02
13398,0.0
13421,0.024
13601,0.01
13646,0.006
13726,0.008
13756,0.0
13770,0.0
13816,0.031
14249,0.0
14409,0.0
14764,0.008
15240,0.006
15287,0.0
15350,0.0
15534,0.017
15820,0.001
15823,0.035
15832,0.0
16455,0.009
16535,0.011
16683,0.0
16962,0.0
16998,0.0
17234,0.005
17445,0.007
17855,0.0
17921,0.0
17939,0.0
17942,0.0
18333,0.0
18730,0.0
19126,0.0
19143,0.0
19228,0.0
19575,0.0
19578,0.0
20240,0.0
20268,0.0
21417,0.0
21454,0.0
21645,0.0
21659,0.0
21757,0.0
22337,0.0
22739,0.0
22763,0.0
22807,0.0
23448,0.0
23684,0.0
23880,0.0
24123,0.0
25019,0.0
25273,0.003
25479,0.001
25611,0.0
25789,0.0
25870,0.017
26086,0.0
26250,0.0
26414,0.0
26643,0.0
33012,0.006
33106,0.0
33173,0.0
33213,0.0
33358,0.0
33422,0.0
33461,0.002
33640,0.0
33839,0.015
33930,0.0
34370,0.0
34380,0.09
34403,0.003
34413,0.0
34925,0.0
34970,0.027
26189,0.0
25987,0.0
34337,0.0
16081,0.0
34110,0.0
33647,0.288
16790,0.007
34007,0.0
10008,0.0
10038,0.04
10161,0.028
10272,0.021
10381,0.0
10393,0.0
10473,0.048
10477,0.01
10633,0.0
10813,0.0
10957,0.01
10996,0.0
11119,0.0
11149,0.0
11272,0.053
11284,0.001
11427,0.0
11541,0.001
11628,0.0
11662,0.0
11969,0.024
12207,0.0
12433,0.0
12490,0.0
12583,0.0
12618,0.0
12652,0.111
12847,0.0
12963,0.033
12984,0.081
13212,0.003
13325,0.001
13508,0.0
13658,0.013
13698,0.053
13728,0.027
13747,0.0
13758,0.047
13851,0.0
13935,0.004
14026,0.0
14157,0.0
14334,0.0
14425,0.0
14447,0.0
14451,0.0
14793,0.0
14976,0.0
15089,0.0
15166,0.0
15232,0.007
15342,0.0
15367,0.0
15551,0.001
15562,0.002
15824,0.006
16519,0.0
16613,0.006
16694,0.0
16754,0.0
16874,0.0
16946,0.0
17001,0.0
17078,0.0
17110,0.004
17155,0.0
17190,0.0
17225,0.0
17371,0.0
17403,0.008
17582,0.0
17646,0.0
17756,0.082
17909,0.0
18352,0.0
18881,0.0
18956,0.0
19182,0.0
19255,0.0
19305,0.002
19493,0.0
19667,0.004
19809,0.0
20859,0.004
20983,0.0
21273,0.007
21439,0.0
21641,0.0
21658,0.0
21857,0.0
21918,0.0
22041,0.009
22299,0.0
23009,0.001
23137,0.0
23378,0.0
24392,0.005
24403,0.002
24580,0.0
24699,0.0
24735,0.0
25062,0.0
25071,0.0
25627,0.0
25697,0.001
25735,0.0
33334,0.0
33570,0.08
33606,0.016
34784,0.0
33851,0.0
26262,0.0
26263,0.0
26175,0.0
23055,0.05
35037,0.138
26307,0.018
18861,0.173
17037,0.0
10427,0.01
10781,0.006
10812,0.0
10814,0.0
10933,0.018
10951,0.007
11035,0.017
11380,0.0
11671,0.0
11816,0.0
12023,0.046
12645,0.0
12845,0.009
13080,0.022
13418,0.007
13614,0.04
13643,0.007
13735,0.0
13746,0.0
13788,0.016
14052,0.0
14181,0.017
14317,0.0
14443,0.0
14630,0.0
14678,0.0
14844,0.0
14965,0.045
15025,0.0
15199,0.0
15321,0.005
15343,0.0
15430,0.0
15433,0.064
15486,0.0
15519,0.009
15839,0.0
15954,0.0
16518,0.0
16579,0.002
16605,0.001
16629,0.0
16862,0.0
16886,0.0
16927,0.0
17000,0.0
17027,0.0
17187,0.0
17386,0.038
17856,0.0
18330,0.0
18337,0.0
18894,0.0
18935,0.0
18992,0.0
19221,0.0
19373,0.0
19421,0.0
19576,0.0
19663,0.003
19750,0.0
19799,0.0
20269,0.0
20329,0.009
20373,0.0
20533,0.019
20718,0.0
20844,0.0
21032,0.0
21081,0.0
21181,0.0
21404,0.0
21551,0.0
21582,0.0
21746,0.0
21938,0.0
22217,0.0
22718,0.0
22926,0.0
22993,0.0
23131,0.0
23797,0.0
24006,0.0
24091,0.0
24257,0.0
24413,0.0
24470,0.016
24530,0.0
24832,0.004
24855,0.0
25477,0.021
25662,0.0
25751,0.0
25755,0.0
25853,0.0
25960,0.0
26224,0.0
33108,0.0
33115,0.0
33246,0.0
33258,0.0
33298,0.0
33344,0.005
33444,0.001
33588,0.0
34177,0.0
34800,0.002
34974,0.0
35047,0.0
35202,0.0
35372,0.007
35488,0.0
26256,0.019
17938,0.0
18001,0.0
25064,0.0
26193,0.0
34706,0.0
33707,0.001
33693,0.002
33563,0.0
34543,0.0
35243,0.0
24438,0.0
10014,0.0
10049,0.0
10528,0.0
10536,0.0
10538,0.0
10554,0.0
10656,0.0
10679,0.0
10696,0.002
10745,0.007
10764,0.003
10816,0.0
11049,0.009
11114,0.002
11170,0.006
11203,0.0
11442,0.0
11615,0.0
11651,0.0
12076,0.009
12109,0.0
12187,0.01
12484,0.0
12535,0.011
12546,0.0
12663,0.0
12917,0.0
13305,0.002
13407,0.004
13848,0.0
13890,0.0
14000,0.0
14042,0.0
14045,0.0
14050,0.0
14279,0.0
14311,0.0
14795,0.0
14799,0.0
14842,0.0
14861,0.0
14971,0.006
15088,0.0
15192,0.0
15249,0.008
15339,0.005
15424,0.0
15481,0.0
15634,0.0
15714,0.0
15822,0.032
16128,0.001
16254,0.002
16497,0.0
16509,0.023
16515,0.0
16517,0.0
16593,0.0
17052,0.0
17366,0.005
17390,0.005
17764,0.077
17806,0.0
18294,0.0
18740,0.003
18797,0.0
18809,0.004
19054,0.006
19661,0.004
20057,0.0
20239,0.0
20370,0.0
20475,0.035
20530,0.015
21374,0.058
21505,0.0
22232,0.0
22453,0.0
22500,0.0
23465,0.0
23672,0.0
23912,0.0
24225,0.0
24425,0.006
24716,0.023
24951,0.0
24972,0.0
25271,0.013
26359,0.0
26370,0.0
26378,0.0
26381,0.0
26399,0.0
33209,0.006
33233,0.0
33481,0.0
33803,0.0
33876,0.0
33929,0.0
33992,0.0
34807,0.002
34973,0.0
35475,0.0
26198,0.0
33848,0.0
23059,0.013
33819,0.0
13582,0.024
26149,0.062
13719,0.009
33952,0.023
34560,0.0
26334,0.0
10329,0.003
10444,0.007
10534,0.0
10768,0.003
10846,0.0
10978,0.013
10992,0.0
11056,0.0
11296,0.012
11348,0.008
11809,0.0
12040,0.022
12082,0.0
12571,0.0
12840,0.016
12885,0.024
12887,0.0
12907,0.025
13138,0.003
13184,0.024
13291,0.001
13424,0.023
13829,0.026
13846,0.0
13911,0.003
14003,0.0
14022,0.012
14036,0.0
14054,0.0
14204,0.0
14228,0.0
14266,0.0
14470,0.0
14636,0.0
14686,0.0
14817,0.0
14855,0.0
14923,0.0
14974,0.0
15018,0.0
15104,0.001
15286,0.008
15618,0.0
15746,0.0
15855,0.0
16160,0.001
16277,0.0
16365,0.0
16393,0.0
16496,0.0
16580,0.01
16654,0.005
16845,0.036
16966,0.0
16991,0.0
16997,0.0
17073,0.002
17394,0.003
17914,0.0
17957,0.0
18397,0.0
18737,0.01
18770,0.0
18804,0.006
18928,0.0
19039,0.0
19219,0.002
19558,0.0
20031,0.0
20878,0.047
21061,0.0
21109,0.008
21243,0.0
21314,0.005
21642,0.0
21711,0.0
21748,0.0
21940,0.0
21980,0.013
22030,0.0
22943,0.0
22965,0.0
23594,0.0
23604,0.0
23724,0.0
23810,0.0
23824,0.0
23915,0.0
24126,0.005
24422,0.007
24533,0.0
25274,0.0
25754,0.0
25996,0.0
26081,0.0
33030,0.0
33322,0.0
33452,0.001
33502,0.0
33607,0.018
34167,0.014
34258,0.0
34357,0.0
34391,0.0
34570,0.0
34787,0.02
34812,0.002
35182,0.002
23042,0.004
34540,0.0
33843,0.0
33844,0.0
21103,0.0
23053,0.024
33534,0.0
11973,0.05
33951,0.024
10045,0.023
10061,0.016
10073,0.01
10186,0.047
10320,0.033
10331,0.001
10507,0.0
10582,0.005
10725,0.0
10965,0.007
10991,0.0
11048,0.0
11235,0.003
11245,0.002
11270,0.007
11589,0.003
11818,0.0
11840,0.003
11986,0.006
12035,0.003
12062,0.016
12063,0.012
12094,0.0
12609,0.0
12740,0.031
12753,0.0
12755,0.014
12930,0.0
13510,0.0
13576,0.022
13607,0.016
13691,0.0
13732,0.008
13807,0.021
13940,0.0
14178,0.0
14620,0.0
14679,0.0
14882,0.0
15093,0.0
15222,0.008
15256,0.006
15329,0.0
15334,0.067
15408,0.0
15505,0.003
15506,0.003
15845,0.0
15853,0.0
15901,0.0
16303,0.0
16456,0.006
16466,0.002
16565,0.0
16803,0.0
16877,0.004
16930,0.0
17096,0.0
17627,0.0
17636,0.0
18223,0.0
18339,0.0
18367,0.0
18654,0.007
19053,0.004
19155,0.0
19168,0.0
19230,0.001
19336,0.0
19371,0.0
19415,0.0
19763,0.0
19824,0.0
19834,0.009
20882,0.0
21022,0.0
21511,0.019
21946,0.0
22344,0.0
22345,0.0
22373,0.069
22440,0.0
22953,0.0
23192,0.0
23437,0.001
23608,0.0
23711,0.0
23851,0.0
24513,0.005
25235,0.005
25260,0.002
25319,0.0
25368,0.0
25564,0.0
25612,0.0
25712,0.0
25805,0.0
25881,0.0
26373,0.0
33359,0.0
33484,0.0
33609,0.018
34172,0.0
35229,0.031
35392,0.0
35409,0.0
33817,0.0
26300,0.02
26266,0.0
34118,0.039
33701,0.118
25428,0.002
25621,0.0
33965,0.018
34525,0.0
22641,0.0
10179,0.023
10292,0.003
10308,0.005
10503,0.0
10525,0.0
10592,0.004
10772,0.003
10850,0.016
10927,0.004
10928,0.004
11033,0.0
11141,0.0
11338,0.0
11614,0.0
11631,0.0
11970,0.006
12008,0.0
12113,0.0
12186,0.015
12238,0.0
12558,0.0
12596,0.0
12762,0.0
12842,0.0
12918,0.0
13054,0.003
13156,0.0
13271,0.001
13392,0.018
13432,0.002
13672,0.005
13701,0.024
13729,0.033
13818,0.0
14155,0.003
14163,0.016
14259,0.003
14271,0.0
14280,0.0
14507,0.0
14541,0.002
14709,0.025
14755,0.007
14802,0.0
14832,0.0
14860,0.0
14864,0.0
14993,0.009
15110,0.006
15112,0.004
15358,0.0
15404,0.007
15504,0.002
15828,0.002
15830,0.0
15933,0.0
15970,0.0
16121,0.002
16714,0.009
16779,0.0
16865,0.0
17021,0.011
17068,0.0
17179,0.0
17707,0.05
17717,0.052
17882,0.0
18320,0.0
18786,0.0
18994,0.0
19314,0.0
19629,0.0
19958,0.0
19971,0.0
19999,0.0
20078,0.0
20145,0.0
20419,0.0
20471,0.022
20508,0.008
20728,0.0
20872,0.014
21324,0.0
21656,0.0
21697,0.0
22087,0.0
22756,0.0
23282,0.0
23382,0.0
23424,0.055
23486,0.0
23592,0.0
23811,0.0
23907,0.0
24007,0.0
24436,0.0
25076,0.0
25122,0.0
25249,0.009
25730,0.0
25896,0.0
26011,0.0
26017,0.0
26056,0.0
26244,0.0
26412,0.0
26493,0.007
33355,0.0
33366,0.0
33853,0.0
33989,0.042
34460,0.019
34783,0.0
34895,0.0
34926,0.0
35277,0.0
35356,0.0
35374,0.0
35433,0.057
35480,0.0
33809,0.0
23708,0.027
35030,0.147
33528,0.0
13718,0.026
33963,0.0
34486,0.186
35320,0.071
35366,0.0
10082,0.005
10295,0.015
10314,0.026
10340,0.038
10642,0.0
10871,0.009
10948,0.014
11044,0.0
11112,0.0
11157,0.0
11386,0.0
11571,0.0
11869,0.003
11946,0.0
12057,0.001
12072,0.0
12346,0.0
12489,0.0
12643,0.025
12703,0.0
12711,0.0
12939,0.0
12948,0.016
13179,0.079
13187,0.126
13617,0.007
13636,0.002
13717,0.006
13750,0.045
14075,0.004
15071,0.0
15083,0.0
15190,0.0
15413,0.0
15510,0.002
15526,0.002
15570,0.005
15693,0.0
15829,0.004
15844,0.0
15899,0.0
15937,0.0
16120,0.009
16209,0.0
16215,0.0
16458,0.0
16483,0.0
16918,0.0
17014,0.0
17089,0.0
17397,0.008
17733,0.08
17963,0.0
18374,0.0
18767,0.0
18798,0.0
19117,0.003
19161,0.0
19410,0.0
19662,0.005
19816,0.0
20039,0.0
20402,0.0
20421,0.0
20523,0.0
20858,0.005
21217,0.0
21684,0.0
21755,0.0
22155,0.0
22577,0.038
22674,0.019
22904,0.0
23466,0.0
23605,0.0
23642,0.0
24357,0.0
24423,0.003
24577,0.0
24592,0.0
24868,0.0
25002,0.0
25034,0.0
25158,0.0
25549,0.005
25667,0.0
25752,0.0
26082,0.0
26380,0.0
26420,0.0
26440,0.0
33485,0.0
33642,0.0
34155,0.0
34176,0.0
34263,0.011
34390,0.0
34872,0.004
34954,0.0
34657,0.0
34534,0.0
33836,0.0
24892,0.0
35266,0.507
26101,0.0
26151,0.063
34238,0.0
34500,0.014
34701,0.0
35204,0.0
35251,0.0
10055,0.0
10328,0.002
10471,0.009
11055,0.0
11176,0.0
11265,0.002
11333,0.02
11623,0.0
11687,0.0
12052,0.008
12106,0.012
12241,0.0
12244,0.0
12357,0.0
12359,0.0
12422,0.006
12457,0.0
12573,0.0
12672,0.0
12901,0.0
12991,0.097
13021,0.055
13053,0.003
13147,0.011
13193,0.0
13412,0.004
13492,0.0
13511,0.0
13679,0.005
13731,0.022
13826,0.0
14112,0.067
14138,0.003
14167,0.014
14413,0.0
14423,0.0
14687,0.0
14856,0.0
15096,0.0
15254,0.009
15365,0.009
15402,0.004
15584,0.0
15617,0.0
15938,0.0
16126,0.019
16181,0.004
16390,0.0
16581,0.013
16737,0.0
16768,0.005
16855,0.004
17080,0.0
17193,0.0
17392,0.004
17398,0.008
17597,0.0
17661,0.0
17741,0.004
17916,0.0
18284,0.0
18338,0.0
18370,0.0
18760,0.0
19119,0.002
19281,0.0
19454,0.0
19725,0.0
19923,0.0
19959,0.0
20012,0.0
20228,0.0
20264,0.0
20454,0.0
21071,0.0
21129,0.0
21387,0.0
21709,0.0
21737,0.0
21738,0.0
22519,0.0
22754,0.0
22823,0.0
23007,0.0
23258,0.0
23712,0.0
23839,0.0
24344,0.0
24459,0.017
24579,0.0
24647,0.0
24736,0.0
24833,0.0
25092,0.0
25238,0.027
25270,0.043
25646,0.0
26085,0.0
26234,0.0
26237,0.0
26254,0.005
26396,0.0
33335,0.0
33463,0.0
33469,0.0
33630,0.0
33915,0.0
34347,0.003
34613,0.0
34726,0.0
34898,0.001
34949,0.0
35483,0.0
33818,0.0
33838,0.0
23043,0.038
33736,0.0
34279,0.0
33737,0.0
34381,0.079
22707,0.019
33958,0.028
34470,0.191
34496,0.0
34475,0.0
34677,0.0
34685,0.055
35212,0.0
10074,0.0
10273,0.043
10363,0.0
10383,0.048
10500,0.0
10502,0.0
10570,0.003
10727,0.0
10730,0.0
10754,0.006
10767,0.003
10821,0.0
10949,0.008
11017,0.0
11103,0.002
11159,0.01
11336,0.001
11357,0.016
11440,0.0
11540,0.001
11569,0.004
11654,0.0
12011,0.001
12101,0.0
12246,0.0
12251,0.0
12270,0.0
12625,0.022
12667,0.0
12843,0.0
12879,0.0
13654,0.006
14710,0.029
14720,0.026
14828,0.0
14887,0.0
15394,0.0
15583,0.0
15726,0.0
15897,0.0
16157,0.001
16380,0.0
16500,0.0
16710,0.013
16742,0.002
16805,0.001
16883,0.0
17100,0.003
17128,0.0
17314,0.025
17409,0.004
17444,0.011
17645,0.0
17835,0.091
19050,0.0
19283,0.017
19612,0.0
19613,0.0
19822,0.0
19832,0.018
19879,0.0
19898,0.0
19964,0.0
21077,0.003
21116,0.0
21646,0.0
22834,0.0
22949,0.0
23400,0.078
23416,0.0
23587,0.0
23603,0.0
23659,0.0
23846,0.0
23909,0.0
24515,0.048
24526,0.0
24841,0.0
24872,0.0
24942,0.0
25069,0.0
25252,0.001
25295,0.011
25510,0.002
25862,0.02
26003,0.009
26019,0.009
26369,0.0
26642,0.0
33007,0.003
33018,0.006
33110,0.0
33224,0.0
33363,0.0
33374,0.0
33643,0.0
34459,0.007
34804,0.003
34892,0.0
35411,0.0
33846,0.0
25978,0.018
18982,0.05
24430,0.0
24894,0.0
16551,0.011
25991,0.001
13782,0.044
10013,0.0
10174,0.038
10345,0.029
10492,0.007
10518,0.0
10529,0.0
10552,0.0
10728,0.0
10922,0.005
11005,0.0
11552,0.0
11669,0.0
12209,0.0
12212,0.0
12320,0.013
12612,0.0
12713,0.0
12867,0.0
12934,0.0
13029,0.0
13589,0.034
13606,0.006
13625,0.002
13792,0.0
13797,0.0
14139,0.008
14335,0.0
14599,0.0
14766,0.0
14834,0.0
14904,0.016
14907,0.005
14975,0.0
15369,0.0
15381,0.0
15652,0.0
15760,0.009
15801,0.01
15878,0.0
16469,0.005
16716,0.01
16717,0.011
16860,0.003
16937,0.0
16949,0.0
17004,0.0
17024,0.0
17084,0.0
17124,0.0
17161,0.0
17202,0.0
17348,0.002
17537,0.0
17541,0.0
17863,0.0
18285,0.0
18594,0.0
18744,0.002
19030,0.024
19121,0.0
19128,0.062
19146,0.0
19164,0.0
19689,0.0
20270,0.0
20641,0.011
20764,0.0
21037,0.0
21043,0.023
21147,0.0
21588,0.0
21673,0.0
21675,0.0
21976,0.01
22354,0.183
22455,0.0
22470,0.0
22813,0.0
23217,0.028
23364,0.0
23464,0.0
23507,0.0
24272,0.0
24426,0.005
25001,0.0
25012,0.0
25293,0.002
25802,0.0
25820,0.0
26226,0.0
26452,0.0
26495,0.048
33153,0.0
33456,0.005
33539,0.0
33753,0.0
34350,0.003
34743,0.0
35278,0.0
14252,0.0
17891,0.0
18863,0.041
33646,0.061
21816,0.0
33723,0.008
15056,0.007
34015,0.016
34004,0.0
33535,0.0
13724,0.013
34240,0.0
34485,0.191
26335,0.0
10021,0.0
10039,0.0
10099,0.0
10386,0.0
10625,0.009
10735,0.003
10946,0.013
11045,0.026
11138,0.0
11167,0.0
11285,0.001
11334,0.003
11444,0.0
11688,0.0
12319,0.019
12340,0.0
12500,0.028
12551,0.0
13071,0.042
13774,0.0
13775,0.0
13895,0.004
13901,0.0
14230,0.0
14417,0.0
14427,0.0
14668,0.0
14814,0.0
14863,0.0
14943,0.042
15159,0.0
15347,0.003
15703,0.0
15879,0.0
16464,0.002
16520,0.0
16631,0.0
16652,0.006
16653,0.007
16741,0.001
16837,0.0
16948,0.0
16970,0.0
17162,0.0
17361,0.0
17391,0.006
17400,0.007
17410,0.006
17711,0.05
17766,0.093
17973,0.0
18016,0.0
18283,0.0
18303,0.0
18340,0.0
18355,0.0
18524,0.0
18923,0.0
19109,0.0
19220,0.001
19367,0.0
19418,0.0
19660,0.011
19747,0.0
19973,0.0
20238,0.0
20464,0.021
20777,0.006
21504,0.0
21584,0.0
21639,0.0
21672,0.0
21739,0.0
21779,0.044
21880,0.099
21883,0.0
22201,0.0
22827,0.0
22942,0.0
23069,0.0
23209,0.008
23213,0.029
23314,0.0
23796,0.0
23927,0.0
23999,0.0
24155,0.0
24396,0.008
24871,0.01
24923,0.0
25094,0.0
25212,0.0
25276,0.013
25314,0.0
25448,0.0
25551,0.001
25613,0.0
25638,0.0
25746,0.0
25897,0.0
26239,0.0
26249,0.0
26416,0.0
26648,0.0
26663,0.0
33031,0.0
33349,0.024
33350,0.018
33362,0.0
33585,0.007
33877,0.0
34416,0.0
34671,0.001
34857,0.003
34869,0.002
35228,0.0
35285,0.0
21794,0.0
33850,0.0
34781,0.456
34142,0.0
26185,0.027
33735,0.0
25877,0.0
12865,0.045
12954,0.0
33660,0.0
33954,0.0
34497,0.0
10103,0.0
10399,0.014
10484,0.005
10591,0.004
10955,0.012
10999,0.0
11015,0.0
11080,0.0
11091,0.004
11246,0.003
11443,0.0
11547,0.0
11800,0.0
11814,0.0
11825,0.0
12049,0.0
12196,0.007
12648,0.0
12738,0.351
12848,0.0
13111,0.067
13372,0.037
13509,0.0
13706,0.01
13868,0.0
13951,0.0
13987,0.006
14146,0.0
14414,0.0
14472,0.0
14840,0.0
14945,0.028
14990,0.036
15054,0.007
15055,0.007
15180,0.0
15416,0.008
15502,0.003
15512,0.002
15560,0.002
15724,0.0
15770,0.0
15868,0.0
15931,0.0
16161,0.001
16398,0.0
16493,0.0
16543,0.004
16630,0.0
16807,0.0
17061,0.0
17083,0.0
17385,0.021
17474,0.052
17635,0.0
17730,0.111
17901,0.0
17915,0.0
18044,0.0
18332,0.0
18334,0.0
19099,0.0
19189,0.0
19193,0.0
19332,0.0
19372,0.0
19821,0.0
20314,0.0
20388,0.0
20645,0.004
20868,0.002
20877,0.032
20883,0.047
21356,0.029
21405,0.0
21429,0.0
21497,0.0
22352,0.077
22573,0.043
22845,0.0
23065,0.0
23068,0.0
23423,0.0
23625,0.0
23798,0.0
23914,0.0
24015,0.001
24070,0.0
24510,0.0
24518,0.006
24661,0.0
24941,0.0
24952,0.0
24973,0.0
25299,0.008
25423,0.096
25889,0.0
25995,0.0
26078,0.003
26113,0.0
26229,0.0
26316,0.0
26354,0.0
26403,0.0
26449,0.0
26459,0.006
26461,0.003
26664,0.007
33017,0.001
33297,0.0
33421,0.0
33442,0.003
33685,0.0
34190,0.0
34428,0.001
34463,0.01
35231,0.032
26199,0.0
34536,0.0
16342,0.0
16685,0.0
34117,0.049
16791,0.001
25974,0.0
26567,0.0
12895,0.0
34503,0.102
34650,0.102
34651,0.102
34510,0.0
26337,0.0
10044,0.058
10091,0.0
10133,0.002
10338,0.026
10569,0.003
10657,0.0
10849,0.006
11118,0.0
11143,0.005
11327,0.003
11331,0.005
11549,0.002
11580,0.002
11616,0.0
11811,0.0
11812,0.0
12118,0.011
12463,0.085
12933,0.0
12966,0.0
13061,0.025
13082,0.04
13289,0.001
13429,0.004
13512,0.0
13751,0.0
13780,0.0
13800,0.017
13817,0.0
13855,0.026
14089,0.0
14545,0.0
14972,0.006
14973,0.007
15092,0.0
15097,0.0
15141,0.0
15239,0.006
15498,0.004
15626,0.0
15695,0.0
16301,0.0
16700,0.004
16713,0.012
16775,0.0
16829,0.0
16951,0.0
17087,0.0
17131,0.0
17808,0.0
17809,0.0
17857,0.0
18015,0.0
18300,0.0
18920,0.0
19285,0.006
19366,0.0
19486,0.058
20124,0.023
20249,0.0
20559,0.0
20712,0.003
21017,0.0
21079,0.0
21416,0.0
21692,0.0
22046,0.0
22080,0.0
22102,0.0
22235,0.011
22574,0.045
22925,0.0
23014,0.068
23387,0.016
23397,0.023
23569,0.0
23840,0.0
23849,0.0
24197,0.0
24424,0.004
24532,0.0
25168,0.0
25199,0.0
25202,0.015
25669,0.0
25863,0.012
26210,0.0
26372,0.0
33157,0.037
33240,0.001
33346,0.0
34170,0.0
34435,0.006
34801,0.003
34867,0.005
34950,0.0
34003,0.0
18955,0.0
34655,0.0
33724,0.053
34112,0.046
25431,0.038
26272,0.0
34326,0.402
26299,0.018
19698,0.0
13702,0.091
34454,0.0
34515,0.0
34520,0.0
35211,0.0
10177,0.037
10190,0.04
10330,0.025
10476,0.012
10533,0.0
10558,0.018
10970,0.0
11023,0.0
11036,0.011
11054,0.0
11454,0.026
12154,0.018
12328,0.062
12442,0.03
12559,0.0
12706,0.0
12970,0.0
13013,0.0
13049,0.031
13409,0.003
13645,0.003
13656,0.006
13762,0.0
13856,0.07
13944,0.007
14048,0.0
14428,0.0
14448,0.0
14582,0.004
14658,0.0
14763,0.009
14807,0.0
14843,0.0
14890,0.0
14996,0.015
15006,0.0
15348,0.0
15500,0.005
15538,0.002
15542,0.017
15607,0.01
15698,0.04
15764,0.0
15892,0.0
15930,0.0
16133,0.005
16174,0.001
16402,0.0
16408,0.0
16545,0.003
16819,0.0
16974,0.0
16992,0.0
17129,0.0
17631,0.0
17871,0.0
18326,0.0
18354,0.0
18693,0.0
18808,0.004
18820,0.023
18874,0.0
18930,0.0
19342,0.0
19774,0.0
20033,0.0
20127,0.006
20468,0.006
20515,0.0
20855,0.002
21239,0.0
21246,0.0
21499,0.0
22084,0.0
22247,0.0
23028,0.0
23225,0.044
23316,0.0
23686,0.0
24371,0.021
24412,0.0
24846,0.0
24873,0.0
24964,0.0
24965,0.0
25011,0.0
25060,0.0
25228,0.003
25325,0.0
25505,0.002
25542,0.0
25696,0.058
26095,0.0
26443,0.0
26645,0.0
34410,0.0
34723,0.009
34855,0.003
34902,0.017
35052,0.015
35103,0.065
35295,0.0
35370,0.127
35407,0.0
35435,0.133
35517,0.196
33740,0.0
26301,0.018
26286,0.0
34111,0.019
26150,0.063
33842,0.0
16656,0.012
11133,0.014
13703,0.059
34239,0.0
10057,0.0
10108,0.0
10287,0.021
10339,0.015
10384,0.0
10447,0.029
10485,0.006
10858,0.007
10880,0.0
11060,0.021
11092,0.002
11225,0.004
11573,0.002
11581,0.002
11583,0.023
11668,0.0
11826,0.0
12269,0.0
12413,0.0
12414,0.0
12425,0.01
12444,0.0
12450,0.0
12604,0.0
12692,0.019
13504,0.0
13741,0.015
14092,0.037
14265,0.0
14285,0.001
14442,0.0
14552,0.0
14595,0.0
14723,0.058
14839,0.0
14852,0.0
14893,0.0
15130,0.005
15393,0.0
15425,0.0
15451,0.0
15588,0.0
15592,0.0
15701,0.0
15711,0.0
15718,0.0
15850,0.0
16134,0.001
16204,0.0
16246,0.002
16463,0.013
16489,0.006
16758,0.0
17011,0.0
17042,0.0
17211,0.0
17217,0.0
17583,0.0
17834,0.113
17968,0.0
19387,0.0
19894,0.0
19963,0.0
20034,0.0
20368,0.0
20867,0.02
21423,0.0
21699,0.0
22004,0.0
22773,0.009
22948,0.0
23338,0.0
23365,0.0
23814,0.0
24251,0.0
24618,0.01
24900,0.0
25563,0.0
25799,0.0
25838,0.008
25861,0.019
25868,0.01
25882,0.0
26083,0.0
26127,0.0
26232,0.0
26383,0.0
26405,0.0
26639,0.0
33333,0.0
33385,0.0
33388,0.063
34183,0.0
34607,0.0
34798,0.0
34875,0.0
34917,0.0
34918,0.0
34946,0.0
34964,0.0
35419,0.103
21899,0.0
33719,0.0
23206,0.016
34251,0.0
25619,0.0
33972,0.031
33960,0.0
34471,0.0
34532,0.0
10129,0.0
10155,0.0
10596,0.003
10873,0.006
10985,0.0
11024,0.0
11139,0.0
11187,0.022
11191,0.0
11266,0.002
11553,0.0
11576,0.003
12237,0.0
12423,0.0
12448,0.0
12582,0.0
12607,0.0
12644,0.035
12670,0.0
12690,0.003
12898,0.083
12958,0.0
13079,0.025
13389,0.019
13527,0.005
13599,0.008
13620,0.019
13712,0.067
13783,0.037
13803,0.0
14445,0.0
14623,0.0
14675,0.0
14889,0.0
15441,0.0
15619,0.0
15778,0.035
15800,0.01
15848,0.0
16056,0.0
16059,0.0
16102,0.002
16125,0.011
16173,0.005
16199,0.0
16953,0.0
17075,0.006
17323,0.005
17372,0.0
17601,0.0
18392,0.0
18691,0.0
19258,0.0
19390,0.0
19453,0.0
20001,0.004
20467,0.004
21235,0.0
21278,0.039
21640,0.0
21667,0.0
21814,0.0
21858,0.0
22442,0.0
22647,0.0
22660,0.0
22675,0.0
23184,0.0
23505,0.0
23623,0.0
23676,0.0
24339,0.036
24512,0.0
24528,0.0
25085,0.0
25220,0.006
25230,0.011
25318,0.0
25880,0.0
26365,0.0
33028,0.007
33278,0.0
33402,0.0
33477,0.0
33540,0.005
33749,0.0
33997,0.0
34214,0.0
34402,0.0
34509,0.015
34689,0.031
34707,0.015
34894,0.0
35199,0.0
35400,0.01
33816,0.0
34011,0.001
99850,0.0
26132,0.008
33722,0.021
18685,0.0
34745,0.0
34476,0.0
25561,0.0
10040,0.0
10125,0.002
10141,0.006
10176,0.006
10493,0.007
10574,0.004
10744,0.025
10834,0.0
11057,0.0
11383,0.015
11445,0.0
11675,0.0
11721,0.013
12220,0.0
12427,0.015
12492,0.0
12525,0.0
12534,0.0
12654,0.025
13077,0.005
13275,0.001
13367,0.031
13388,0.019
13394,0.15
13410,0.004
13572,0.004
13640,0.004
13779,0.0
13831,0.0
14225,0.0
14364,0.0
14612,0.0
14801,0.0
14811,0.0
15131,0.005
15176,0.0
15203,0.0
15410,0.009
15448,0.013
15559,0.005
15561,0.002
15623,0.0
15815,0.0
16594,0.0
16740,0.0
16971,0.0
17166,0.134
17178,0.0
17237,0.007
17351,0.003
17352,0.003
17362,0.0
17419,0.008
17454,0.002
17581,0.0
17972,0.0
18342,0.0
18657,0.0
18856,0.0
19032,0.0
19127,0.0
19276,0.0
19489,0.001
19490,0.003
19918,0.0
20056,0.0
20455,0.0
20769,0.0
20850,0.003
21155,0.0
21546,0.0
21708,0.0
21719,0.0
22056,0.0
22502,0.0
22859,0.0
22864,0.005
22892,0.0
22907,0.0
23226,0.0
23918,0.0
24584,0.0
25004,0.0
25186,0.038
25232,0.001
25324,0.022
25416,0.009
25425,0.112
25472,0.015
25635,0.0
25637,0.0
25650,0.0
25653,0.0
25674,0.0
26065,0.001
26342,0.0
26430,0.0
26497,0.019
33021,0.008
33437,0.005
33440,0.001
33611,0.017
33699,0.0
34154,0.0
34303,0.058
34900,0.002
35104,0.08
35487,0.0
23060,0.021
33841,0.0
17962,0.0
34538,0.0
23041,0.0
23056,0.507
34145,0.0
13723,0.018
33957,0.0
33959,0.0
34531,0.0
35362,0.0
10132,0.003
10453,0.007
10497,0.0
10583,0.005
10828,0.0
10920,0.0
10960,0.014
10963,0.005
10969,0.0
11061,0.015
11268,0.035
11291,0.003
11341,0.019
11435,0.0
11439,0.0
11500,0.0
11652,0.0
11781,0.0
12086,0.007
12204,0.0
12272,0.0
12325,0.009
12532,0.009
12594,0.0
12708,0.0
12854,0.0
12882,0.021
12916,0.0
12925,0.0
12979,0.0
13081,0.034
13310,0.0
13709,0.012
14044,0.0
14049,0.0
14332,0.0
14412,0.0
14542,0.002
14593,0.01
14624,0.0
14916,0.0
15005,0.0
15162,0.0
15360,0.008
15397,0.007
15765,0.0
15773,0.001
15854,0.0
15860,0.0
16328,0.007
16371,0.0
16504,0.0
16527,0.0
16573,0.004
16830,0.0
16965,0.0
16968,0.0
17053,0.0
17125,0.0
17353,0.0
17611,0.0
17712,0.046
17731,0.581
17760,0.486
17906,0.0
18011,0.0
18050,0.0
18866,0.013
19185,0.0
19231,0.002
19282,0.0
19386,0.0
19487,0.002
20223,0.0
20309,0.001
20350,0.0
20643,0.0
20811,0.0
21070,0.0
21377,0.002
21420,0.012
21466,0.002
21540,0.0
21670,0.0
22029,0.0
22268,0.0
22509,0.0
22521,0.0
22819,0.0
22863,0.0
22976,0.0
23886,0.0
23887,0.0
24117,0.005
24256,0.0
24582,0.0
25007,0.001
25014,0.001
25492,0.032
25507,0.002
25869,0.024
26091,0.007
26213,0.0
26245,0.0
26417,0.0
33015,0.0
33419,0.072
33636,0.0
34355,0.0
34366,0.0
34415,0.0
34608,0.01
34731,0.0
34979,0.0
18675,0.0
26156,0.0
26164,0.0
12439,0.0
22903,0.0
13581,0.044
13084,0.012
33692,0.029
34583,0.0
35245,0.0
15292,0.0
10130,0.0
10336,0.041
10595,0.002
10708,0.006
11433,0.0
11533,0.0
11617,0.0
11632,0.0
11701,0.0
11844,0.028
12341,0.0
12418,0.0
12695,0.002
12999,0.0
13130,0.009
13137,0.003
13282,0.001
13318,0.0
13608,0.017
13745,0.0
13880,0.0
13929,0.0
14023,0.014
14235,0.0
14533,0.0
14597,0.0
14621,0.0
14649,0.0
14718,0.011
14924,0.0
15173,0.0
15281,0.007
15557,0.003
15648,0.0
15702,0.0
15833,0.0
15941,0.0
16200,0.0
16205,0.0
16384,0.0
16564,0.0
16831,0.06
16871,0.003
16873,0.0
17006,0.0
17060,0.0
17066,0.0
17169,0.037
17181,0.0
17322,0.004
17354,0.002
17490,0.0
17534,0.0
17945,0.0
18328,0.0
18778,0.0
18799,0.0
19040,0.0
19836,0.003
20473,0.003
21238,0.0
21249,0.0
22077,0.088
22110,0.0
22686,0.0
22825,0.0
22894,0.0
22981,0.0
23181,0.0
23327,0.0
23351,0.0
23589,0.0
23598,0.0
23601,0.0
23621,0.0
23701,0.0
23795,0.104
23955,0.041
24434,0.019
24673,0.0
25018,0.0
25033,0.0
25072,0.0
25137,0.0
25255,0.001
25263,0.009
25465,0.0
25559,0.0
25625,0.0
25736,0.0
26131,0.0
26413,0.0
33356,0.0
33409,0.0
33420,0.011
33542,0.0
34242,0.0
34719,0.007
35234,0.015
35379,0.0
25332,0.0
26282,0.0
34119,0.025
34385,0.402
17658,0.0
17848,0.0
26184,0.01
11957,0.059
34489,0.187
34606,0.031
12850,0.588
10025,0.0
10398,0.015
10522,0.0
10883,0.0
10891,0.02
10903,0.009
11447,0.0
11691,0.0
11989,0.004
12064,0.009
12079,0.0
12219,0.0
12283,0.0
12287,0.0
12327,0.025
12513,0.0
12541,0.017
12557,0.0
12714,0.0
12792,0.024
12852,0.0
12956,0.096
13133,0.005
13292,0.001
13415,0.007
13587,0.011
13591,0.008
13767,0.025
13768,0.024
13819,0.009
14024,0.021
14432,0.0
14553,0.0
14641,0.0
14768,0.0
14917,0.0
15186,0.0
15247,0.005
15258,0.006
15340,0.0
15391,0.0
15426,0.0
15460,0.001
15488,0.0
15517,0.007
15578,0.0
15696,0.0
15722,0.0
15842,0.0
16139,0.002
16381,0.0
16382,0.0
16474,0.004
16492,0.0
16510,0.0
16838,0.0
16947,0.0
17015,0.0
17023,0.0
17063,0.0
17072,0.0
17182,0.0
17761,0.154
18343,0.0
19294,0.018
19311,0.0
19375,0.012
20470,0.022
20884,0.026
20989,0.0
21060,0.0
21494,0.0
21666,0.001
21723,0.0
21855,0.0
22019,0.0
22036,0.0
22216,0.0
22331,0.002
22755,0.0
22776,0.0
22831,0.0
22858,0.0
22938,0.0
23679,0.0
23908,0.0
24276,0.0
24349,0.0
24404,0.001
24703,0.0
25123,0.0
25136,0.0
25160,0.0
25261,0.004
25291,0.001
25683,0.022
25738,0.0
25826,0.0
26374,0.0
26451,0.0
26644,0.0
33049,0.0
33996,0.0
34150,0.0
34434,0.008
34717,0.002
34759,0.0
34874,0.008
34896,0.0
34978,0.0
33739,0.0
18513,0.037
17036,0.0
33558,0.059
33962,0.0
34490,0.186
35365,0.0
10007,0.0
10506,0.0
10605,0.002
10820,0.0
11129,0.011
11196,0.0
11224,0.015
11236,0.005
11492,0.0
11560,0.012
11627,0.0
11805,0.0
11864,0.0
11988,0.0
12051,0.003
12053,0.0
12280,0.0
12289,0.0
12483,0.0
12705,0.0
12791,0.002
12983,0.129
12988,0.0
12994,0.0
13163,0.0
13218,0.0
13823,0.032
13930,0.0
13983,0.0
14072,0.0
14261,0.0
14316,0.0
14426,0.0
14711,0.026
14772,0.011
14877,0.0
14896,0.0
14925,0.0
15100,0.001
15101,0.001
15161,0.0
15461,0.007
15513,0.003
15555,0.002
15587,0.0
16119,0.008
16210,0.0
16245,0.001
16560,0.01
16590,0.0
16832,0.013
16849,0.007
16961,0.0
17065,0.0
17082,0.0
17106,0.0
17358,0.001
17538,0.0
17773,0.023
17993,0.0
18518,0.0
18723,0.0
18757,0.0
18758,0.0
18931,0.0
19015,0.0
19179,0.0
19301,0.0
19406,0.0
19621,0.0
20171,0.0
20472,0.019
21000,0.007
21218,0.0
21534,0.0
21665,0.001
21919,0.0
22037,0.0
22048,0.0
22258,0.0
22562,0.011
22600,0.0
22876,0.0
22973,0.0
23319,0.0
23511,0.016
23844,0.0
24360,0.0
24570,0.0
24953,0.0
24954,0.0
25077,0.0
25277,0.0
25555,0.0
25692,0.0
25783,0.0
25797,0.0
26038,0.0
26212,0.0
26393,0.0
26431,0.0
26437,0.0
33054,0.004
33056,0.0
33165,0.0
33211,0.0
33220,0.0
33267,0.0
33439,0.003
33475,0.0
33482,0.003
33498,0.0
33581,0.0
34336,0.0
34611,0.016
34646,0.0
34793,0.0
34868,0.004
35530,0.139
10028,0.0
13312,0.012
11489,0.0
25258,0.058
33745,0.0
34233,0.022
34472,0.001
35367,0.0
10121,0.0
10163,0.018
10168,0.062
10406,0.0
10467,0.007
10542,0.0
10666,0.043
10889,0.0
11111,0.0
11130,0.0
11155,0.004
11248,0.002
11289,0.001
11502,0.0
11555,0.001
11633,0.0
11674,0.0
11683,0.0
11780,0.0
11959,0.021
12044,0.0
12075,0.004
12084,0.029
12089,0.0
12350,0.0
12504,0.0
12511,0.0
12556,0.012
12603,0.0
12851,0.0
12873,0.0
12886,0.024
12942,0.0
13157,0.0
13537,0.0
13584,0.019
13585,0.011
13605,0.006
13629,0.025
13854,0.027
14175,0.01
14455,0.0
14611,0.0
15243,0.015
15497,0.002
15556,0.004
15840,0.0
15914,0.0
15927,0.0
15932,0.0
16377,0.0
16399,0.0
16444,0.068
16473,0.004
16561,0.01
16682,0.0
16792,0.025
16801,0.0
16827,0.0
16864,0.0
17159,0.0
17184,0.0
17343,0.008
17448,0.002
17639,0.0
17677,0.0
17710,0.056
17714,0.098
17897,0.0
18329,0.0
18375,0.0
18400,0.0
18618,0.0
18811,0.004
19690,0.0
19844,0.0
20593,0.0
21058,0.006
21068,0.0
21400,0.0
21463,0.005
21547,0.0
21637,0.0
22253,0.0
22678,0.019
22701,0.058
22809,0.0
22970,0.0
22990,0.0
23218,0.004
23615,0.0
23617,0.0
23620,0.0
23728,0.003
23812,0.0
23822,0.0
24273,0.0
24607,0.0
25073,0.0
25221,0.003
25262,0.004
25387,0.0
25737,0.0
26018,0.0
26084,0.0
26320,0.0
26358,0.0
26418,0.0
26429,0.0
26458,0.023
33046,0.0
33266,0.0
33364,0.016
34724,0.02
34943,0.0
34990,0.0
35227,0.0
35479,0.0
35482,0.0
23103,0.0
35383,0.0
33709,0.0
10556,0.035
25905,0.0
34232,0.082
34237,0.0
33970,0.0
34477,0.065
34585,0.0
34587,0.0
35209,0.0
25065,0.0
13960,0.0
10016,0.0
10142,0.01
10277,0.057
10443,0.0
10709,0.005
10734,0.0
11059,0.0
11158,0.0
11184,0.0
11345,0.006
11384,0.001
11436,0.0
11437,0.0
11640,0.0
12012,0.002
12043,0.01
12054,0.0
12098,0.0
12358,0.0
12408,0.0
12424,0.0
12590,0.0
12866,0.019
13070,0.004
13078,0.0
13134,0.105
13355,0.0
13530,0.014
13618,0.007
13692,0.0
13804,0.0
13852,0.001
14136,0.001
14168,0.0
14236,0.0
14453,0.0
14554,0.0
14615,0.0
14626,0.0
14634,0.0
14754,0.007
14759,0.01
14800,0.0
15098,0.001
15532,0.015
15545,0.003
15589,0.0
15603,0.069
15606,0.006
15849,0.0
15861,0.0
16101,0.003
16453,0.006
16514,0.0
16715,0.011
16756,0.0
16826,0.0
17003,0.0
17081,0.0
17222,0.0
17232,0.007
17542,0.0
18286,0.0
18718,0.0
18738,0.006
18787,0.0
18958,0.0
19376,0.004
19455,0.0
19881,0.0
20041,0.0
20339,0.0
20474,0.002
21072,0.0
21165,0.085
21222,0.0
21449,0.0
21731,0.003
22530,0.003
22833,0.0
22880,0.0
22968,0.0
23359,0.0
23408,0.029
23702,0.0
24261,0.0
24571,0.0
24782,0.0
25043,0.0
25247,0.006
25259,0.004
25341,0.0
25750,0.0
25864,0.012
26013,0.0
26377,0.0
33471,0.0
33597,0.019
33666,0.0
33914,0.0
33988,0.009
34379,0.086
34674,0.0
34729,0.004
34742,0.0
34864,0.008
34977,0.011
33704,0.024
33721,0.0
26176,0.0
26180,0.0
18960,0.022
12976,0.056
12977,0.015
34495,0.0
34738,0.0
35014,0.0
10075,0.052
10171,0.009
10189,0.006
10550,0.221
10599,0.002
10676,0.007
10878,0.015
10937,0.012
10967,0.012
10974,0.0
11162,0.01
11660,0.0
11820,0.0
11908,0.001
12045,0.0
12091,0.0
12155,0.006
12203,0.0
12215,0.0
12908,0.0
12989,0.018
13023,0.0
13047,0.03
13085,0.007
13117,0.063
13276,0.0
13320,0.0
13678,0.006
13722,0.003
13743,0.0
14090,0.0
14183,0.016
14277,0.0
14437,0.0
14539,0.0
14600,0.0
14691,0.0
14773,0.011
14798,0.0
15111,0.025
15151,0.0
15227,0.009
15338,0.003
15541,0.001
15843,0.0
15862,0.0
16366,0.0
16378,0.0
16688,0.0
16772,0.0
17009,0.0
17344,0.005
17624,0.0
17745,0.033
17772,0.02
17940,0.0
17989,0.0
18753,0.0
18789,0.0
18906,0.0
19033,0.0
19034,0.0
19364,0.0
19620,0.0
19797,0.0
20055,0.0
20456,0.0
20846,0.007
21106,0.017
21240,0.0
21282,0.0
21367,0.008
21465,0.0
21655,0.0
21871,0.0
22300,0.019
22441,0.0
22545,0.0
22711,0.0
22781,0.0
23132,0.0
23232,0.0
23360,0.0
23813,0.0
23881,0.0
24160,0.0
24511,0.0
25031,0.0
25157,0.0
25171,0.0
25243,0.003
25537,0.0
25655,0.0
25892,0.0
26319,0.0
26462,0.013
26638,0.0
33698,0.0
33754,0.0
34417,0.0
34666,0.0
34899,0.004
34903,0.002
35101,0.0
35280,0.0
35286,0.0
